"; PTT 47622, Serial 17P0810, Run 8 - 0.25&deg; Grid Size @ 29-Dec-2020 13:29"
"; Marine @ 3.0 meters/second, Model Score 48.29"
"; 281 Twilights, 133 SSTs, 1 User Locations"
"; SST Reference Data Set: NOAA OI SST V2 High Resolution, Bathymetry Reference Data Set: ETOPO1-Bedrock"

DeployID,Ptt,Date,Most Likely Latitude,Most Likely Longitude,Observation Type,Observed SST,Satellite SST,Observed Depth,Bathymetry Depth,Observation LL (MSS),Observation Score,Sunrise,Sunset
47622_BSH_F,47622,27-Feb-2019 04:47:30,-20.575,-160.25,Light - Dusk,,,208,4857,,0.1,,
47622_BSH_F,47622,27-Feb-2019 12:00:00,-20.575,-160.275,None,,,,,,,,
47622_BSH_F,47622,27-Feb-2019 16:05:00,-20.575,-160.3,Light - Dawn,,,176,4857,,89.9998728044659,,
47622_BSH_F,47622,28-Feb-2019 00:00:00,-20.55,-160.275,None,,,,,,,28-Feb-2019 16:38:06,01-Mar-2019 05:08:45
47622_BSH_F,47622,28-Feb-2019 04:40:00,-20.525,-160.3,Light - Dusk,,,176,4857,,61.2482788870134,,
47622_BSH_F,47622,28-Feb-2019 12:00:00,-20.45,-160.275,None,,,,,,,,
47622_BSH_F,47622,28-Feb-2019 13:00:00,-20.45,-160.275,SST,28.7,28.5404155254364,4,4876,,77.4874763102882,,
47622_BSH_F,47622,28-Feb-2019 15:10:00,-20.425,-160.275,Light - Dawn,,,240,4876,,42.7489425557537,,
47622_BSH_F,47622,01-Mar-2019 00:00:00,-20.375,-160.325,None,,,,,,,01-Mar-2019 16:38:48,02-Mar-2019 05:08:03
47622_BSH_F,47622,01-Mar-2019 04:53:45,-20.275,-160.35,Light - Dusk,,,144,4876,,0.1,,
47622_BSH_F,47622,01-Mar-2019 12:00:00,-20.125,-160.425,None,,,,,,,,
47622_BSH_F,47622,01-Mar-2019 15:00:00,-20.075,-160.475,SST,29,28.7974998950958,0,4859,,78.1737898474103,,
47622_BSH_F,47622,01-Mar-2019 15:47:30,-20.075,-160.475,Light - Dawn,,,176,4859,,87.0559341813836,,
47622_BSH_F,47622,02-Mar-2019 00:00:00,-19.925,-160.625,None,,,,,,,02-Mar-2019 16:40:39,03-Mar-2019 05:08:13
47622_BSH_F,47622,02-Mar-2019 04:22:30,-19.875,-160.675,Light - Dusk,,,208,4890,,51.8447201344752,,
47622_BSH_F,47622,02-Mar-2019 12:00:00,-19.675,-160.625,None,,,,,,,,
47622_BSH_F,47622,02-Mar-2019 15:58:45,-19.6,-160.575,Light - Dawn,,,176,5013,,11.0745076235218,,
47622_BSH_F,47622,02-Mar-2019 16:00:00,-19.6,-160.575,SST,29.2,28.896666208903,0,5013,,70.6300346768003,,
47622_BSH_F,47622,03-Mar-2019 00:00:00,-19.45,-160.75,None,,,,,,,03-Mar-2019 16:41:47,04-Mar-2019 05:07:40
47622_BSH_F,47622,03-Mar-2019 05:03:45,-19.35,-160.85,Light - Dusk,,,176,5188,,66.6686534099718,,
47622_BSH_F,47622,03-Mar-2019 12:00:00,-19.2,-160.925,None,,,,,,,,
47622_BSH_F,47622,03-Mar-2019 15:58:45,-19.1,-160.975,Light - Dawn,,,176,5028,,55.8002649602504,,
47622_BSH_F,47622,03-Mar-2019 16:00:00,-19.1,-160.975,SST,29.3,28.986665725708,0,5028,,68.9744160388429,,
47622_BSH_F,47622,04-Mar-2019 00:00:00,-18.975,-161.025,None,,,,,,,04-Mar-2019 16:43:28,05-Mar-2019 05:07:45
47622_BSH_F,47622,04-Mar-2019 04:45:00,-18.875,-161.075,Light - Dusk,,,176,5241,,36.7706715702332,,
47622_BSH_F,47622,04-Mar-2019 12:00:00,-18.65,-160.9,None,,,,,,,,
47622_BSH_F,47622,04-Mar-2019 13:00:00,-18.625,-160.9,SST,29,28.7379159927368,0,5087,,68.9706170609338,,
47622_BSH_F,47622,04-Mar-2019 15:48:45,-18.625,-160.85,Light - Dawn,,,368,5087,,12.9858107153163,,
47622_BSH_F,47622,05-Mar-2019 00:00:00,-18.475,-160.8,None,,,,,,,05-Mar-2019 16:43:07,06-Mar-2019 05:05:51
47622_BSH_F,47622,05-Mar-2019 05:07:30,-18.375,-160.775,Light - Dusk,,,144,4989,,93.3299530363641,,
47622_BSH_F,47622,05-Mar-2019 12:00:00,-18.2,-160.725,None,,,,,,,,
47622_BSH_F,47622,05-Mar-2019 15:30:00,-18.1,-160.725,Light - Dawn,,,304,5126,,0.100000000000003,,
47622_BSH_F,47622,05-Mar-2019 16:00:00,-18.1,-160.725,SST,29,28.6933320363363,0,5126,,63.9442317330741,,
47622_BSH_F,47622,06-Mar-2019 00:00:00,-18.075,-160.7,None,,,,,,,06-Mar-2019 16:43:12,07-Mar-2019 05:04:31
47622_BSH_F,47622,06-Mar-2019 04:42:30,-18.025,-160.675,Light - Dusk,,,176,5126,,51.3761446436466,,
47622_BSH_F,47622,06-Mar-2019 12:00:00,-17.95,-160.5,None,,,,,,,,
47622_BSH_F,47622,06-Mar-2019 15:00:00,-17.9,-160.425,SST,28.8,28.6037485599518,0,4961,,75.9089551602211,,
47622_BSH_F,47622,06-Mar-2019 16:06:15,-17.9,-160.4,Light - Dawn,,,208,4961,,38.3719999942454,,
47622_BSH_F,47622,07-Mar-2019 00:00:00,-17.8,-160.4,None,,,,,,,07-Mar-2019 16:42:24,08-Mar-2019 05:02:27
47622_BSH_F,47622,07-Mar-2019 04:58:45,-17.75,-160.4,Light - Dusk,,,176,4966,,80.5261369848491,,
47622_BSH_F,47622,07-Mar-2019 10:00:00,-17.675,-160.375,SST,29,28.6041652361552,0,4966,,62.4192177402797,,
47622_BSH_F,47622,07-Mar-2019 12:00:00,-17.65,-160.4,None,,,,,,,,
47622_BSH_F,47622,07-Mar-2019 16:03:45,-17.55,-160.425,Light - Dawn,,,336,4966,,68.7578573704139,,
47622_BSH_F,47622,08-Mar-2019 00:00:00,-17.375,-160.475,None,,,,,,,08-Mar-2019 16:43:07,09-Mar-2019 05:01:50
47622_BSH_F,47622,08-Mar-2019 04:57:30,-17.175,-160.45,Light - Dusk,,,240,5043,,97.6234939733259,,
47622_BSH_F,47622,08-Mar-2019 12:00:00,-17.1,-160.475,None,,,,,,,,
47622_BSH_F,47622,08-Mar-2019 14:00:00,-17.1,-160.45,SST,29,28.6591664950053,0,5043,,73.2073466745114,,
47622_BSH_F,47622,08-Mar-2019 16:02:30,-17.05,-160.45,Light - Dawn,,,112,5043,,53.52287505057,,
47622_BSH_F,47622,09-Mar-2019 00:00:00,-16.9,-160.475,None,,,,,,,09-Mar-2019 16:43:32,10-Mar-2019 05:00:56
47622_BSH_F,47622,09-Mar-2019 04:43:45,-16.825,-160.45,Light - Dusk,,,208,5109,,17.0236855561063,,
47622_BSH_F,47622,09-Mar-2019 09:00:00,-16.675,-160.35,SST,29.3,28.8549997806549,0,5018,,47.9578600393011,,
47622_BSH_F,47622,09-Mar-2019 12:00:00,-16.675,-160.2,None,,,,,,,,
47622_BSH_F,47622,09-Mar-2019 16:11:15,-16.625,-160,Light - Dawn,,,272,5265,,0.100068289709822,,
47622_BSH_F,47622,10-Mar-2019 00:00:00,-16.475,-159.525,None,,,,,,,10-Mar-2019 16:40:06,11-Mar-2019 04:56:15
47622_BSH_F,47622,10-Mar-2019 04:38:45,-16.4,-159.25,Light - Dusk,,,176,5254,,76.6826428286001,,
47622_BSH_F,47622,10-Mar-2019 11:00:00,-16.3,-158.9,SST,29.3,28.8554166952769,0,5233,,50.1631129859239,,
47622_BSH_F,47622,10-Mar-2019 12:00:00,-16.3,-158.875,None,,,,,,,,
47622_BSH_F,47622,10-Mar-2019 16:06:15,-16.225,-158.7,Light - Dawn,,,208,5235,,8.23131207190745,,
47622_BSH_F,47622,11-Mar-2019 00:00:00,-16.075,-158.8,None,,,,,,,11-Mar-2019 16:37:31,12-Mar-2019 04:52:31
47622_BSH_F,47622,11-Mar-2019 04:53:45,-15.95,-158.875,Light - Dusk,,,144,5300,,48.4088926187049,,
47622_BSH_F,47622,11-Mar-2019 10:00:00,-15.8,-158.7,SST,29.5,28.8274989128113,0,5243,,30.3737027568929,,
47622_BSH_F,47622,11-Mar-2019 12:00:00,-15.775,-158.825,None,,,,,,,,
47622_BSH_F,47622,11-Mar-2019 16:08:45,-15.725,-158.925,Light - Dawn,,,304,5166,,30.8236106121059,,
47622_BSH_F,47622,12-Mar-2019 00:00:00,-15.65,-158.95,None,,,,,,,12-Mar-2019 16:38:26,13-Mar-2019 04:52:17
47622_BSH_F,47622,12-Mar-2019 04:53:45,-15.575,-158.95,Light - Dusk,,,208,5166,,0.0999999999999999,,
47622_BSH_F,47622,12-Mar-2019 12:00:00,-15.475,-158.925,None,,,,,,,,
47622_BSH_F,47622,12-Mar-2019 16:32:30,-15.4,-158.9,Light - Dawn,,,272,5081,,97.8533491087454,,
47622_BSH_F,47622,13-Mar-2019 00:00:00,-15.275,-158.875,None,,,,,,,13-Mar-2019 16:38:23,14-Mar-2019 04:51:11
47622_BSH_F,47622,13-Mar-2019 12:00:00,-15.05,-158.8,None,,,,,,,,
47622_BSH_F,47622,14-Mar-2019 00:00:00,-14.85,-158.7,None,,,,,,,14-Mar-2019 16:37:56,15-Mar-2019 04:49:42
47622_BSH_F,47622,14-Mar-2019 04:33:45,-14.8,-158.65,Light - Dusk,,,208,5276,,64.5077597182667,,
47622_BSH_F,47622,14-Mar-2019 04:57:30,-14.8,-158.65,Light - Dusk,,,176,5276,,71.8436983422229,,
47622_BSH_F,47622,14-Mar-2019 11:00:00,-14.8,-158.55,SST,29.3,29.1133329868317,0,5276,,89.7688822439379,,
47622_BSH_F,47622,14-Mar-2019 12:00:00,-14.775,-158.55,None,,,,,,,,
47622_BSH_F,47622,14-Mar-2019 16:31:15,-14.6,-158.5,Light - Dawn,,,240,5268,,94.1168033273153,,
47622_BSH_F,47622,15-Mar-2019 00:00:00,-14.4,-158.4,None,,,,,,,15-Mar-2019 16:36:57,16-Mar-2019 04:47:44
47622_BSH_F,47622,15-Mar-2019 04:15:00,-14.25,-158.35,Light - Dusk,,,240,5726,,43.9554160624092,,
47622_BSH_F,47622,15-Mar-2019 12:00:00,-13.975,-158.05,None,,,,,,,,
47622_BSH_F,47622,15-Mar-2019 14:00:00,-13.925,-157.95,SST,29.4,29.2566652297974,0,5455,,87.9620315530349,,
47622_BSH_F,47622,15-Mar-2019 16:17:30,-13.875,-157.875,Light - Dawn,,,240,5455,,77.0838639241566,,
47622_BSH_F,47622,16-Mar-2019 00:00:00,-13.725,-157.6,None,,,,,,,16-Mar-2019 16:33:58,17-Mar-2019 04:43:45
47622_BSH_F,47622,16-Mar-2019 04:16:15,-13.625,-157.425,Light - Dusk,,,240,5299,,28.3968178554708,,
47622_BSH_F,47622,16-Mar-2019 10:00:00,-13.475,-157.425,SST,30,29.3924996058146,0,5305,,34.0534551775429,,
47622_BSH_F,47622,16-Mar-2019 12:00:00,-13.475,-157.45,None,,,,,,,,
47622_BSH_F,47622,16-Mar-2019 16:16:15,-13.475,-157.5,Light - Dawn,,,336,5305,,56.5358503957188,,
47622_BSH_F,47622,17-Mar-2019 00:00:00,-13.5,-157.4,None,,,,,,,17-Mar-2019 16:33:17,18-Mar-2019 04:42:15
47622_BSH_F,47622,17-Mar-2019 04:30:00,-13.475,-157.375,Light - Dusk,,,400,5305,,80.6599027599671,,
47622_BSH_F,47622,17-Mar-2019 11:00:00,-13.425,-157.3,SST,29.9,29.2858325640361,0,5305,,42.4829275636946,,
47622_BSH_F,47622,17-Mar-2019 12:00:00,-13.425,-157.3,None,,,,,,,,
47622_BSH_F,47622,17-Mar-2019 16:26:15,-13.375,-157.275,Light - Dawn,,,272,5305,,94.2228753645668,,
47622_BSH_F,47622,18-Mar-2019 00:00:00,-13.3,-157.2,None,,,,,,,18-Mar-2019 16:32:36,19-Mar-2019 04:40:46
47622_BSH_F,47622,18-Mar-2019 04:23:45,-13.225,-157.2,Light - Dusk,,,272,5213,,57.5600529002024,,
47622_BSH_F,47622,18-Mar-2019 10:00:00,-13.125,-157.125,SST,29.6,29.5416660308838,0,5213,,92.5047363452953,,
47622_BSH_F,47622,18-Mar-2019 12:00:00,-13.125,-157.1,None,,,,,,,,
47622_BSH_F,47622,18-Mar-2019 16:12:30,-13.125,-157.075,Light - Dawn,,,240,5213,,51.6273888143003,,
47622_BSH_F,47622,19-Mar-2019 00:00:00,-13.25,-157.125,None,,,,,,,19-Mar-2019 16:32:23,20-Mar-2019 04:39:48
47622_BSH_F,47622,19-Mar-2019 04:15:00,-13.3,-157.175,Light - Dusk,,,272,5263,,26.7131415277799,,
47622_BSH_F,47622,19-Mar-2019 11:00:00,-13.3,-157.125,SST,29.9,29.7604158719381,0,5263,,68.8417104933867,,
47622_BSH_F,47622,19-Mar-2019 12:00:00,-13.275,-157.125,None,,,,,,,,
47622_BSH_F,47622,19-Mar-2019 16:07:30,-13.15,-157.1,Light - Dawn,,,240,5213,,79.631451284443,,
47622_BSH_F,47622,20-Mar-2019 00:00:00,-13.025,-156.975,None,,,,,,,20-Mar-2019 16:31:52,21-Mar-2019 04:38:32
47622_BSH_F,47622,20-Mar-2019 04:32:30,-13,-156.9,Light - Dusk,,,240,5242,,2.81763426146731,,
47622_BSH_F,47622,20-Mar-2019 09:00:00,-12.975,-157.075,SST,29.8,29.4474992752075,0,5234,,73.3049513540126,,
47622_BSH_F,47622,20-Mar-2019 12:00:00,-12.775,-157.175,None,,,,,,,,
47622_BSH_F,47622,20-Mar-2019 16:18:45,-12.375,-157.35,Light - Dawn,,,304,5275,,85.4641776020271,,
47622_BSH_F,47622,21-Mar-2019 00:00:00,-12.175,-157.625,None,,,,,,,21-Mar-2019 16:34:31,22-Mar-2019 04:40:29
47622_BSH_F,47622,21-Mar-2019 04:18:45,-12.1,-157.75,Light - Dusk,,,272,5349,,54.6752840164884,,
47622_BSH_F,47622,21-Mar-2019 12:00:00,-12,-158.025,None,,,,,,,,
47622_BSH_F,47622,21-Mar-2019 14:00:00,-11.975,-158.075,SST,30,29.9283326466878,0,5600,,84.7459008746152,,
47622_BSH_F,47622,21-Mar-2019 15:55:00,-11.9,-158.125,Light - Dawn,,,240,5600,,24.2375529372665,,
47622_BSH_F,47622,22-Mar-2019 00:00:00,-11.65,-158.375,None,,,,,,,22-Mar-2019 16:37:33,23-Mar-2019 04:42:53
47622_BSH_F,47622,22-Mar-2019 04:33:45,-11.525,-158.525,Light - Dusk,,,208,5503,,3.06819495690783,,
47622_BSH_F,47622,22-Mar-2019 12:00:00,-11.275,-158.35,None,,,,,,,,
47622_BSH_F,47622,22-Mar-2019 16:00:00,-11.15,-158.3,SST,30,29.9633324940999,0,5669,,91.4731808861059,,
47622_BSH_F,47622,22-Mar-2019 16:25:00,-11.15,-158.3,Light - Dawn,,,240,5669,,0.0999999999999999,,
47622_BSH_F,47622,23-Mar-2019 00:00:00,-11.025,-158.1,None,,,,,,,23-Mar-2019 16:36:26,24-Mar-2019 04:41:12
47622_BSH_F,47622,23-Mar-2019 04:27:30,-10.925,-158,Light - Dusk,,,208,5496,,42.7878912298483,,
47622_BSH_F,47622,23-Mar-2019 12:00:00,-10.7,-157.95,SST,30,29.8949995040894,0,5672,,94.2013519128388,,
47622_BSH_F,47622,23-Mar-2019 16:22:30,-10.65,-157.95,Light - Dawn,,,272,5672,,43.7705038794272,,
47622_BSH_F,47622,24-Mar-2019 00:00:00,-10.55,-157.775,None,,,,,,,24-Mar-2019 16:35:05,25-Mar-2019 04:39:21
47622_BSH_F,47622,24-Mar-2019 12:00:00,-10.325,-157.525,SST,30,29.8599996566772,0,5522,,91.5586872074351,,
47622_BSH_F,47622,24-Mar-2019 16:33:45,-10.225,-157.4,Light - Dawn,,,240,5651,,0.111215247361347,,
47622_BSH_F,47622,25-Mar-2019 00:00:00,-10.075,-157.275,None,,,,,,,25-Mar-2019 16:33:01,26-Mar-2019 04:36:49
47622_BSH_F,47622,25-Mar-2019 04:28:45,-10,-157.175,Light - Dusk,,,240,5638,,71.4698670089898,,
47622_BSH_F,47622,25-Mar-2019 04:31:15,-10,-157.175,Light - Dusk,,,272,5638,,50.1219061946783,,
47622_BSH_F,47622,25-Mar-2019 12:00:00,-9.85,-157.15,None,,,,,,,,
47622_BSH_F,47622,25-Mar-2019 16:11:15,-9.75,-157.15,Light - Dawn,,,240,5759,,0.100000000000001,,
47622_BSH_F,47622,26-Mar-2019 00:00:00,-9.6,-157.15,None,,,,,,,26-Mar-2019 16:32:25,27-Mar-2019 04:35:49
47622_BSH_F,47622,26-Mar-2019 04:30:00,-9.475,-157.15,Light - Dusk,,,240,5539,,60.7243011712133,,
47622_BSH_F,47622,26-Mar-2019 12:00:00,-9.3,-157.175,None,,,,,,,,
47622_BSH_F,47622,26-Mar-2019 15:00:00,-9.225,-157.175,SST,30,29.8237497806549,0,5770,,90.8309131880709,,
47622_BSH_F,47622,26-Mar-2019 15:52:30,-9.225,-157.175,Light - Dawn,,,336,5770,,0.1,,
47622_BSH_F,47622,27-Mar-2019 00:00:00,-9.1,-157.175,None,,,,,,,27-Mar-2019 16:32:24,28-Mar-2019 04:35:27
47622_BSH_F,47622,27-Mar-2019 12:00:00,-8.85,-157.15,None,,,,,,,,
47622_BSH_F,47622,27-Mar-2019 14:00:00,-8.75,-157.15,SST,29.6,29.7016655604045,0,5729,,67.7752146960638,,
47622_BSH_F,47622,27-Mar-2019 16:17:30,-8.775,-157.15,Light - Dawn,,,272,5822,,37.7030769539628,,
47622_BSH_F,47622,28-Mar-2019 00:00:00,-8.7,-157.125,None,,,,,,,28-Mar-2019 16:32:03,29-Mar-2019 04:34:48
47622_BSH_F,47622,28-Mar-2019 04:27:30,-8.65,-157.1,Light - Dusk,,,176,5729,,0.0999999999999998,,
47622_BSH_F,47622,28-Mar-2019 04:43:45,-8.65,-157.1,Light - Dusk,,,176,5729,,0.1,,
47622_BSH_F,47622,28-Mar-2019 11:00:00,-8.575,-157.075,SST,29.8,29.6779158910116,0,5729,,89.9822715918225,,
47622_BSH_F,47622,28-Mar-2019 12:00:00,-8.55,-157.075,None,,,,,,,,
47622_BSH_F,47622,28-Mar-2019 16:17:30,-8.45,-157.05,Light - Dawn,,,272,5643,,0.100005349488173,,
47622_BSH_F,47622,29-Mar-2019 00:00:00,-8.3,-156.975,None,,,,,,,29-Mar-2019 16:31:18,30-Mar-2019 04:33:45
47622_BSH_F,47622,29-Mar-2019 12:00:00,-8.05,-156.9,SST,29.7,29.4849996566772,0,5584,,92.2392361195843,,
47622_BSH_F,47622,29-Mar-2019 16:11:15,-7.95,-156.875,Light - Dawn,,,272,5473,,57.0037343070441,,
47622_BSH_F,47622,30-Mar-2019 00:00:00,-7.775,-156.875,None,,,,,,,30-Mar-2019 16:30:41,31-Mar-2019 04:32:59
47622_BSH_F,47622,30-Mar-2019 04:13:45,-7.675,-156.875,Light - Dusk,,,208,5479,,0.100000000014991,,
47622_BSH_F,47622,30-Mar-2019 04:20:00,-7.675,-156.875,Light - Dusk,,,208,5479,,0.0999999999999998,,
47622_BSH_F,47622,30-Mar-2019 12:00:00,-7.475,-156.875,None,,,,,,,,
47622_BSH_F,47622,30-Mar-2019 14:00:00,-7.425,-156.875,SST,29.8,29.7158330281576,0,5519,,89.7701451308725,,
47622_BSH_F,47622,30-Mar-2019 16:08:45,-7.4,-156.85,Light - Dawn,,,304,5519,,90.5960504165615,,
47622_BSH_F,47622,31-Mar-2019 00:00:00,-7.25,-156.85,None,,,,,,,31-Mar-2019 16:30:21,01-Apr-2019 04:32:32
47622_BSH_F,47622,31-Mar-2019 12:00:00,-6.9,-156.825,None,,,,,,,,
47622_BSH_F,47622,31-Mar-2019 13:00:00,-6.875,-156.825,SST,29.6,29.7708327770233,0,5546,,68.0757062045519,,
47622_BSH_F,47622,31-Mar-2019 16:11:15,-7,-156.75,Light - Dawn,,,240,5562,,12.5553272303894,,
47622_BSH_F,47622,01-Apr-2019 00:00:00,-6.9,-156.65,None,,,,,,,01-Apr-2019 16:29:20,02-Apr-2019 04:31:21
47622_BSH_F,47622,01-Apr-2019 04:12:30,-6.85,-156.55,Light - Dusk,,,240,5358,,31.5741472818659,,
47622_BSH_F,47622,01-Apr-2019 04:45:00,-6.85,-156.55,Light - Dusk,,,48,5358,,0.144616706203652,,
47622_BSH_F,47622,01-Apr-2019 12:00:00,-6.925,-156.35,None,,,,,,,,
47622_BSH_F,47622,01-Apr-2019 13:00:00,-6.95,-156.35,SST,29.5,29.7437498569489,0,5199,,64.5361537515496,,
47622_BSH_F,47622,01-Apr-2019 15:57:30,-6.7,-156.3,Light - Dawn,,,208,5258,,62.5860580243069,,
47622_BSH_F,47622,02-Apr-2019 00:00:00,-6.45,-156.125,None,,,,,,,02-Apr-2019 16:26:58,03-Apr-2019 04:28:56
47622_BSH_F,47622,02-Apr-2019 12:00:00,-6.175,-155.875,None,,,,,,,,
47622_BSH_F,47622,02-Apr-2019 14:00:00,-6.125,-155.85,SST,29.5,29.5116658210754,0,5416,,68.7173488477067,,
47622_BSH_F,47622,02-Apr-2019 16:06:15,-6.125,-155.825,Light - Dawn,,,272,5416,,11.8583182107573,,
47622_BSH_F,47622,03-Apr-2019 00:00:00,-6.125,-155.95,None,,,,,,,03-Apr-2019 16:26:01,04-Apr-2019 04:27:54
47622_BSH_F,47622,03-Apr-2019 04:18:45,-6.1,-156.025,Light - Dusk,,,144,5391,,19.262526514189,,
47622_BSH_F,47622,03-Apr-2019 04:21:15,-6.1,-156.025,Light - Dusk,,,144,5391,,40.5507906966105,,
47622_BSH_F,47622,03-Apr-2019 10:00:00,-6.075,-156.1,SST,29.5,29.5716663996379,0,5391,,70.7655051967183,,
47622_BSH_F,47622,03-Apr-2019 12:00:00,-6.075,-156.125,None,,,,,,,,
47622_BSH_F,47622,03-Apr-2019 15:51:15,-6.075,-156.175,Light - Dawn,,,240,5391,,28.2665139657697,,
47622_BSH_F,47622,04-Apr-2019 00:00:00,-6.1,-156.25,None,,,,,,,04-Apr-2019 16:27:05,05-Apr-2019 04:28:40
47622_BSH_F,47622,04-Apr-2019 04:22:30,-6.1,-156.3,Light - Dusk,,,176,5447,,0.1,,
47622_BSH_F,47622,04-Apr-2019 12:00:00,-6.125,-156.35,None,,,,,,,,
47622_BSH_F,47622,04-Apr-2019 15:00:00,-6.125,-156.4,SST,29.4,29.3012495040894,0,5447,,80.54938288956,,
47622_BSH_F,47622,04-Apr-2019 15:47:30,-6.125,-156.4,Light - Dawn,,,144,5447,,0.100000003363928,,
47622_BSH_F,47622,05-Apr-2019 00:00:00,-6.075,-156.45,None,,,,,,,05-Apr-2019 16:27:45,06-Apr-2019 04:29:01
47622_BSH_F,47622,05-Apr-2019 04:23:45,-6.05,-156.5,Light - Dusk,,,176,5447,,0.0999999999999998,,
47622_BSH_F,47622,05-Apr-2019 12:00:00,-6.025,-156.575,None,,,,,,,,
47622_BSH_F,47622,05-Apr-2019 16:07:30,-6.025,-156.625,Light - Dawn,,,272,5282,,0.0999999999999999,,
47622_BSH_F,47622,05-Apr-2019 17:00:00,-6.025,-156.625,SST,29.2,29.21333305041,0,5282,,81.9905069708168,,
47622_BSH_F,47622,06-Apr-2019 00:00:00,-6.025,-156.625,None,,,,,,,06-Apr-2019 16:28:18,07-Apr-2019 04:29:18
47622_BSH_F,47622,06-Apr-2019 04:38:45,-6.025,-156.675,Light - Dusk,,,48,5282,,61.3495928928347,,
47622_BSH_F,47622,06-Apr-2019 12:00:00,-6.075,-156.725,None,,,,,,,,
47622_BSH_F,47622,06-Apr-2019 13:00:00,-6.075,-156.725,SST,29.2,29.1516664822896,0,5282,,89.0979729316297,,
47622_BSH_F,47622,06-Apr-2019 15:55:00,-6.075,-156.75,Light - Dawn,,,240,5197,,0.100000000000032,,
47622_BSH_F,47622,07-Apr-2019 00:00:00,-6.1,-156.825,None,,,,,,,07-Apr-2019 16:29:01,08-Apr-2019 04:29:38
47622_BSH_F,47622,07-Apr-2019 03:58:45,-6.125,-156.85,Light - Dusk,,,528,5197,,0.0999999999999994,,
47622_BSH_F,47622,07-Apr-2019 12:00:00,-6.275,-156.925,None,,,,,,,,
47622_BSH_F,47622,07-Apr-2019 15:00:00,-6.375,-156.925,SST,29.1,28.824999332428,0,5240,,75.3139157082614,,
47622_BSH_F,47622,07-Apr-2019 15:58:45,-6.35,-156.95,Light - Dawn,,,240,5240,,0.1,,
47622_BSH_F,47622,08-Apr-2019 00:00:00,-6.175,-157.025,None,,,,,,,08-Apr-2019 16:29:44,09-Apr-2019 04:29:57
47622_BSH_F,47622,08-Apr-2019 04:17:30,-6.15,-157.05,Light - Dusk,,,16,5070,,92.2601213965711,,
47622_BSH_F,47622,08-Apr-2019 12:00:00,-6.1,-157.125,None,,,,,,,,
47622_BSH_F,47622,08-Apr-2019 14:00:00,-6.075,-157.15,SST,29,28.7433325449626,0,5070,,77.6479140510482,,
47622_BSH_F,47622,08-Apr-2019 15:52:30,-6.1,-157.15,Light - Dawn,,,208,5070,,20.4231105044471,,
47622_BSH_F,47622,09-Apr-2019 00:00:00,-6,-156.9,None,,,,,,,09-Apr-2019 16:29:02,10-Apr-2019 04:29:07
47622_BSH_F,47622,09-Apr-2019 04:15:00,-5.925,-156.8,Light - Dusk,,,176,5263,,81.4774378089129,,
47622_BSH_F,47622,09-Apr-2019 10:00:00,-5.8,-156.65,SST,29.1,28.8483331998189,9,5278,,82.2322502323294,,
47622_BSH_F,47622,09-Apr-2019 12:00:00,-5.8,-156.6,None,,,,,,,,
47622_BSH_F,47622,09-Apr-2019 16:00:00,-5.8,-156.5,Light - Dawn,,,208,5314,,40.0357451443862,,
47622_BSH_F,47622,10-Apr-2019 00:00:00,-5.75,-156.375,None,,,,,,,10-Apr-2019 16:26:41,11-Apr-2019 04:26:44
47622_BSH_F,47622,10-Apr-2019 04:12:30,-5.725,-156.325,Light - Dusk,,,112,5403,,82.9844884442234,,
47622_BSH_F,47622,10-Apr-2019 09:00:00,-5.7,-156.25,SST,29.2,29.0237486362457,0,5403,,88.5941836601496,,
47622_BSH_F,47622,10-Apr-2019 12:00:00,-5.65,-156.2,None,,,,,,,,
47622_BSH_F,47622,10-Apr-2019 16:02:30,-5.625,-156.125,Light - Dawn,,,240,5202,,94.9099740035771,,
47622_BSH_F,47622,11-Apr-2019 00:00:00,-5.5,-155.95,None,,,,,,,11-Apr-2019 16:24:43,12-Apr-2019 04:24:47
47622_BSH_F,47622,11-Apr-2019 04:15:00,-5.425,-155.875,Light - Dusk,,,272,5039,,44.998206244587,,
47622_BSH_F,47622,11-Apr-2019 12:00:00,-5.325,-155.6,None,,,,,,,,
47622_BSH_F,47622,11-Apr-2019 13:00:00,-5.3,-155.575,SST,29.4,29.1479152043661,0,5264,,81.3983771967515,,
47622_BSH_F,47622,11-Apr-2019 16:05:00,-5.3,-155.475,Light - Dawn,,,176,5415,,9.33068874168129,,
47622_BSH_F,47622,12-Apr-2019 00:00:00,-5.325,-155.575,None,,,,,,,12-Apr-2019 16:22:59,13-Apr-2019 04:23:00
47622_BSH_F,47622,12-Apr-2019 04:12:30,-5.325,-155.625,Light - Dusk,,,208,5264,,67.9142655731091,,
47622_BSH_F,47622,12-Apr-2019 12:00:00,-5.275,-155.65,None,,,,,,,,
47622_BSH_F,47622,12-Apr-2019 14:00:00,-5.275,-155.65,SST,29.5,29.1099990208944,0,5264,,65.2654310701764,,
47622_BSH_F,47622,12-Apr-2019 16:00:00,-5.3,-155.675,Light - Dawn,,,112,5264,,75.7025224948012,,
47622_BSH_F,47622,13-Apr-2019 00:00:00,-5.375,-155.775,None,,,,,,,13-Apr-2019 16:23:42,14-Apr-2019 04:23:23
47622_BSH_F,47622,13-Apr-2019 04:01:15,-5.4,-155.825,Light - Dusk,,,240,5039,,1.67690558289602,,
47622_BSH_F,47622,13-Apr-2019 11:00:00,-5.425,-155.75,SST,29.5,29.0599994659424,0,5039,,62.4487652775504,,
47622_BSH_F,47622,13-Apr-2019 12:00:00,-5.425,-155.75,None,,,,,,,,
47622_BSH_F,47622,13-Apr-2019 15:57:30,-5.475,-155.7,Light - Dawn,,,272,5264,,81.4983518594326,,
47622_BSH_F,47622,14-Apr-2019 00:00:00,-5.6,-155.625,None,,,,,,,14-Apr-2019 16:23:08,15-Apr-2019 04:22:14
47622_BSH_F,47622,14-Apr-2019 03:42:30,-5.675,-155.6,Light - Dusk,,,272,5203,,0.1,,
47622_BSH_F,47622,14-Apr-2019 12:00:00,-5.95,-155.525,None,,,,,,,,
47622_BSH_F,47622,14-Apr-2019 14:00:00,-6,-155.525,SST,29.4,29.0924994150798,0,5321,,77.785141517299,,
47622_BSH_F,47622,14-Apr-2019 15:58:45,-6,-155.5,Light - Dawn,,,208,5314,,0.100000000004382,,
47622_BSH_F,47622,15-Apr-2019 00:00:00,-6,-155.4,None,,,,,,,15-Apr-2019 16:22:25,16-Apr-2019 04:20:41
47622_BSH_F,47622,15-Apr-2019 03:40:00,-6.025,-155.375,Light - Dusk,,,208,5314,,0.1,,
47622_BSH_F,47622,15-Apr-2019 08:00:00,-6.075,-155.3,SST,29.5,29.1733322143555,0,5314,,71.1849340188442,,
47622_BSH_F,47622,15-Apr-2019 12:00:00,-6.025,-155.275,None,,,,,,,,
47622_BSH_F,47622,15-Apr-2019 15:53:45,-5.925,-155.225,Light - Dawn,,,208,5246,,0.0999999999999997,,
47622_BSH_F,47622,16-Apr-2019 00:00:00,-5.85,-155.125,None,,,,,,,16-Apr-2019 16:21:07,17-Apr-2019 04:19:18
47622_BSH_F,47622,16-Apr-2019 09:00:00,-5.85,-155.025,SST,29.3,29.2087490558624,0,5246,,92.7732378585843,,
47622_BSH_F,47622,16-Apr-2019 12:00:00,-5.825,-154.975,None,,,,,,,,
47622_BSH_F,47622,16-Apr-2019 16:08:45,-5.8,-154.925,Light - Dawn,,,240,5247,,0.1,,
47622_BSH_F,47622,17-Apr-2019 00:00:00,-5.8,-154.85,None,,,,,,,17-Apr-2019 16:19:54,18-Apr-2019 04:17:52
47622_BSH_F,47622,17-Apr-2019 03:23:45,-5.825,-154.825,Light - Dusk,,,208,5247,,20.9533357868774,,
47622_BSH_F,47622,17-Apr-2019 04:05:00,-5.85,-154.825,Light - Dusk,,,240,5247,,0.397272541483712,,
47622_BSH_F,47622,17-Apr-2019 12:00:00,-5.75,-154.575,None,,,,,,,,
47622_BSH_F,47622,17-Apr-2019 16:00:00,-5.725,-154.45,SST,29.3,29.3633327484131,0,5114,,86.4456468318027,,
47622_BSH_F,47622,17-Apr-2019 16:01:15,-5.725,-154.45,Light - Dawn,,,208,5114,,0.100645350717969,,
47622_BSH_F,47622,18-Apr-2019 00:00:00,-5.775,-154.25,None,,,,,,,18-Apr-2019 16:17:24,19-Apr-2019 04:15:07
47622_BSH_F,47622,18-Apr-2019 12:00:00,-5.825,-153.925,None,,,,,,,,
47622_BSH_F,47622,18-Apr-2019 14:00:00,-5.825,-153.875,SST,29.4,29.2608327865601,0,5204,,86.2488956076619,,
47622_BSH_F,47622,18-Apr-2019 16:00:00,-5.825,-153.825,Light - Dawn,,,208,5204,,10.5715614193453,,
47622_BSH_F,47622,19-Apr-2019 00:00:00,-5.875,-153.75,None,,,,,,,19-Apr-2019 16:15:24,20-Apr-2019 04:12:41
47622_BSH_F,47622,19-Apr-2019 03:43:45,-5.9,-153.7,Light - Dusk,,,240,5042,,1.39198815243973,,
47622_BSH_F,47622,19-Apr-2019 03:48:45,-5.9,-153.7,Light - Dusk,,,240,5042,,0.10016018513285,,
47622_BSH_F,47622,19-Apr-2019 11:00:00,-5.875,-153.625,SST,29.5,29.3099987506866,0,5042,,84.9509071384584,,
47622_BSH_F,47622,19-Apr-2019 12:00:00,-5.875,-153.625,None,,,,,,,,
47622_BSH_F,47622,19-Apr-2019 15:56:15,-5.9,-153.6,Light - Dawn,,,240,5042,,0.10000000672428,,
47622_BSH_F,47622,20-Apr-2019 00:00:00,-5.95,-153.525,None,,,,,,,20-Apr-2019 16:14:30,21-Apr-2019 04:11:23
47622_BSH_F,47622,20-Apr-2019 03:55:00,-5.975,-153.475,Light - Dusk,,,272,4865,,0.100000000031936,,
47622_BSH_F,47622,20-Apr-2019 09:00:00,-6.025,-153.425,SST,29.4,29.3687496185303,0,5028,,86.8737899556069,,
47622_BSH_F,47622,20-Apr-2019 12:00:00,-6.025,-153.4,None,,,,,,,,
47622_BSH_F,47622,20-Apr-2019 16:00:00,-6,-153.375,Light - Dawn,,,208,5028,,74.1464480171312,,
47622_BSH_F,47622,21-Apr-2019 00:00:00,-6,-153.375,None,,,,,,,21-Apr-2019 16:13:53,22-Apr-2019 04:10:23
47622_BSH_F,47622,21-Apr-2019 03:25:00,-5.975,-153.375,Light - Dusk,,,208,4865,,70.201400695791,,
47622_BSH_F,47622,21-Apr-2019 10:00:00,-5.975,-153.325,SST,29.5,29.2833329836527,0,4865,,86.7670828835138,,
47622_BSH_F,47622,21-Apr-2019 12:00:00,-6,-153.325,None,,,,,,,,
47622_BSH_F,47622,21-Apr-2019 15:57:30,-6.05,-153.3,Light - Dawn,,,208,5028,,75.7108927451704,,
47622_BSH_F,47622,22-Apr-2019 00:00:00,-6.05,-153.25,None,,,,,,,22-Apr-2019 16:13:22,23-Apr-2019 04:09:30
47622_BSH_F,47622,22-Apr-2019 04:11:15,-6.025,-153.225,Light - Dusk,,,176,4941,,0.100000000000005,,
47622_BSH_F,47622,22-Apr-2019 12:00:00,-6,-153.175,None,,,,,,,,
47622_BSH_F,47622,22-Apr-2019 15:55:00,-6,-153.175,Light - Dawn,,,48,4941,,82.0052846158254,,
47622_BSH_F,47622,22-Apr-2019 16:00:00,-6,-153.175,SST,29.4,29.1799996693929,0,4941,,88.6373177547257,,
47622_BSH_F,47622,23-Apr-2019 00:00:00,-5.975,-153.125,None,,,,,,,23-Apr-2019 16:12:45,24-Apr-2019 04:08:45
47622_BSH_F,47622,23-Apr-2019 12:00:00,-6,-153.075,None,,,,,,,,
47622_BSH_F,47622,23-Apr-2019 14:00:00,-6.025,-153.075,SST,29.4,29.1216656366984,0,4941,,79.6493258440822,,
47622_BSH_F,47622,23-Apr-2019 15:58:45,-6.025,-153.05,Light - Dawn,,,240,4941,,51.2720503602422,,
47622_BSH_F,47622,24-Apr-2019 00:00:00,-6,-153.1,None,,,,,,,24-Apr-2019 16:12:38,25-Apr-2019 04:08:18
47622_BSH_F,47622,24-Apr-2019 03:31:15,-6.025,-153.125,Light - Dusk,,,304,4941,,0.1,,
47622_BSH_F,47622,24-Apr-2019 03:56:15,-6.025,-153.125,Light - Dusk,,,240,4941,,0.100000000002486,,
47622_BSH_F,47622,24-Apr-2019 12:00:00,-6.05,-153.225,SST,29.5,29.1949996948242,0,4941,,74.3128863033657,,
47622_BSH_F,47622,24-Apr-2019 15:47:30,-6.075,-153.225,Light - Dawn,,,208,4941,,0.100000002187742,,
47622_BSH_F,47622,25-Apr-2019 00:00:00,-6.175,-153.3,None,,,,,,,25-Apr-2019 16:13:34,26-Apr-2019 04:08:38
47622_BSH_F,47622,25-Apr-2019 12:00:00,-6.325,-153.4,None,,,,,,,,
47622_BSH_F,47622,25-Apr-2019 15:00:00,-6.35,-153.45,SST,29.4,29.2562489509583,0,5178,,93.8889963426161,,
47622_BSH_F,47622,25-Apr-2019 16:05:00,-6.375,-153.45,Light - Dawn,,,272,5178,,0.100000000013275,,
47622_BSH_F,47622,26-Apr-2019 00:00:00,-6.45,-153.525,None,,,,,,,26-Apr-2019 16:14:43,27-Apr-2019 04:08:57
47622_BSH_F,47622,26-Apr-2019 04:13:45,-6.5,-153.575,Light - Dusk,,,144,5183,,0.100000000000009,,
47622_BSH_F,47622,26-Apr-2019 04:15:00,-6.5,-153.575,Light - Dusk,,,144,5183,,0.1,,
47622_BSH_F,47622,26-Apr-2019 12:00:00,-6.575,-153.65,None,,,,,,,,
47622_BSH_F,47622,26-Apr-2019 13:00:00,-6.575,-153.65,SST,29.4,29.3199996948242,0,5183,,91.6199209981678,,
47622_BSH_F,47622,26-Apr-2019 15:42:30,-6.575,-153.7,Light - Dawn,,,208,5183,,0.1,,
47622_BSH_F,47622,27-Apr-2019 00:00:00,-6.625,-153.825,None,,,,,,,27-Apr-2019 16:16:05,28-Apr-2019 04:09:41
47622_BSH_F,47622,27-Apr-2019 04:11:15,-6.675,-153.875,Light - Dusk,,,208,5177,,6.36599443618139,,
47622_BSH_F,47622,27-Apr-2019 08:00:00,-6.725,-153.9,SST,29.3,29.3333326975505,0,5177,,86.0535468123848,,
47622_BSH_F,47622,27-Apr-2019 12:00:00,-6.75,-153.925,None,,,,,,,,
47622_BSH_F,47622,27-Apr-2019 15:41:15,-6.8,-153.975,Light - Dawn,,,208,5107,,0.100000002153378,,
47622_BSH_F,47622,28-Apr-2019 00:00:00,-6.875,-154.075,None,,,,,,,28-Apr-2019 16:17:20,29-Apr-2019 04:10:07
47622_BSH_F,47622,28-Apr-2019 03:46:15,-6.925,-154.1,Light - Dusk,,,240,5298,,0.0999999999999998,,
47622_BSH_F,47622,28-Apr-2019 12:00:00,-7.1,-154.15,None,,,,,,,,
47622_BSH_F,47622,28-Apr-2019 14:00:00,-7.125,-154.15,SST,29.3,29.24249903361,0,5407,,86.9345690346201,,
47622_BSH_F,47622,28-Apr-2019 15:33:45,-7.125,-154.15,Light - Dawn,,,112,5407,,4.28808510594697,,
47622_BSH_F,47622,29-Apr-2019 00:00:00,-7.1,-154.125,None,,,,,,,29-Apr-2019 16:17:47,30-Apr-2019 04:09:48
47622_BSH_F,47622,29-Apr-2019 04:08:45,-7.1,-154.1,Light - Dusk,,,144,5407,,0.100015733485753,,
47622_BSH_F,47622,29-Apr-2019 12:00:00,-7.125,-153.975,None,,,,,,,,
47622_BSH_F,47622,29-Apr-2019 14:00:00,-7.125,-153.95,SST,29.2,29.2099990844727,0,5078,,82.1775126031511,,
47622_BSH_F,47622,29-Apr-2019 15:37:30,-7.125,-153.925,Light - Dawn,,,208,5078,,0.538253954234689,,
47622_BSH_F,47622,30-Apr-2019 00:00:00,-7.2,-153.825,None,,,,,,,30-Apr-2019 16:16:43,01-May-2019 04:08:12
47622_BSH_F,47622,30-Apr-2019 12:00:00,-7.325,-153.575,SST,29.2,29.1949996948242,0,5302,,87.2597290943418,,
47622_BSH_F,47622,30-Apr-2019 15:47:30,-7.375,-153.475,Light - Dawn,,,208,5241,,0.161645487721531,,
47622_BSH_F,47622,01-May-2019 00:00:00,-7.475,-153.325,None,,,,,,,01-May-2019 16:15:03,02-May-2019 04:05:37
47622_BSH_F,47622,01-May-2019 03:57:30,-7.525,-153.275,Light - Dusk,,,240,5213,,0.1006081853196,,
47622_BSH_F,47622,01-May-2019 04:00:00,-7.525,-153.275,SST,29.3,29.1433334350586,0,5213,,88.6901027922918,,
47622_BSH_F,47622,01-May-2019 04:37:30,-7.525,-153.275,Light - Dawn,,,208,5213,,0.1,,
47622_BSH_F,47622,01-May-2019 12:00:00,-7.6,-153.1,None,,,,,,,,
47622_BSH_F,47622,02-May-2019 00:00:00,-7.7,-152.875,None,,,,,,,02-May-2019 16:13:33,03-May-2019 04:03:18
47622_BSH_F,47622,02-May-2019 03:43:45,-7.75,-152.825,Light - Dusk,,,208,5055,,0.103330189517114,,
47622_BSH_F,47622,02-May-2019 03:47:30,-7.75,-152.825,Light - Dusk,,,208,5055,,77.4228345861983,,
47622_BSH_F,47622,02-May-2019 12:00:00,-7.85,-152.7,None,,,,,,,,
47622_BSH_F,47622,02-May-2019 15:00:00,-7.875,-152.65,SST,29.2,28.9774994850159,0,5374,,82.7624339855999,,
47622_BSH_F,47622,02-May-2019 15:50:00,-7.875,-152.65,Light - Dawn,,,208,5374,,0.100000000419264,,
47622_BSH_F,47622,03-May-2019 00:00:00,-7.9,-152.575,None,,,,,,,03-May-2019 16:12:39,04-May-2019 04:01:36
47622_BSH_F,47622,03-May-2019 03:43:45,-7.925,-152.575,Light - Dusk,,,176,5374,,37.5933898266754,,
47622_BSH_F,47622,03-May-2019 09:00:00,-7.9,-152.525,SST,29.2,29.0262491703033,0,5374,,77.7695793337296,,
47622_BSH_F,47622,03-May-2019 12:00:00,-7.9,-152.525,None,,,,,,,,
47622_BSH_F,47622,03-May-2019 15:40:00,-7.9,-152.525,Light - Dawn,,,208,5374,,0.0999999999999997,,
47622_BSH_F,47622,04-May-2019 00:00:00,-7.875,-152.525,None,,,,,,,04-May-2019 16:12:29,05-May-2019 04:01:10
47622_BSH_F,47622,04-May-2019 03:41:15,-7.875,-152.525,Light - Dusk,,,304,5374,,0.100000000000008,,
47622_BSH_F,47622,04-May-2019 12:00:00,-7.85,-152.525,None,,,,,,,,
47622_BSH_F,47622,04-May-2019 15:00:00,-7.85,-152.525,SST,29.2,29.1137487888336,0,5374,,81.3782648628068,,
47622_BSH_F,47622,04-May-2019 15:58:45,-7.85,-152.525,Light - Dawn,,,272,5374,,0.108081950988157,,
47622_BSH_F,47622,05-May-2019 00:00:00,-7.875,-152.525,None,,,,,,,05-May-2019 16:12:34,06-May-2019 04:00:55
47622_BSH_F,47622,05-May-2019 03:23:45,-7.9,-152.5,Light - Dusk,,,432,5347,,0.1,,
47622_BSH_F,47622,05-May-2019 12:00:00,-7.95,-152.5,None,,,,,,,,
47622_BSH_F,47622,05-May-2019 14:00:00,-7.975,-152.5,SST,29.2,29.1058330535889,0,5347,,85.9562369297327,,
47622_BSH_F,47622,05-May-2019 16:03:45,-7.975,-152.5,Light - Dawn,,,208,5347,,22.189394264642,,
47622_BSH_F,47622,06-May-2019 00:00:00,-8,-152.45,None,,,,,,,06-May-2019 16:12:30,07-May-2019 04:00:14
47622_BSH_F,47622,06-May-2019 12:00:00,-8.05,-152.375,None,,,,,,,,
47622_BSH_F,47622,06-May-2019 15:00:00,-8.075,-152.35,SST,29.2,29.1037485599518,0,5025,,88.1793878602861,,
47622_BSH_F,47622,06-May-2019 16:00:00,-8.075,-152.35,Light - Dawn,,,208,5025,,4.13086294239435,,
47622_BSH_F,47622,07-May-2019 00:00:00,-8.025,-152.025,None,,,,,,,07-May-2019 16:10:56,08-May-2019 03:58:16
47622_BSH_F,47622,07-May-2019 01:45:00,-8.025,-151.95,Light - Dusk,,,432,5060,,0.1,,
47622_BSH_F,47622,07-May-2019 03:56:15,-8,-151.875,Light - Dusk,,,208,5060,,0.1,,
47622_BSH_F,47622,07-May-2019 12:00:00,-7.975,-151.5,SST,29.3,29.2499990463257,0,5154,,97.2998406285189,,
47622_BSH_F,47622,07-May-2019 15:17:30,-7.95,-151.375,Light - Dawn,,,208,5154,,0.100000000099257,,
47622_BSH_F,47622,08-May-2019 00:00:00,-7.875,-151,None,,,,,,,08-May-2019 16:06:45,09-May-2019 03:54:09
47622_BSH_F,47622,08-May-2019 03:33:45,-7.825,-150.85,Light - Dusk,,,176,5487,,19.6024072010861,,
47622_BSH_F,47622,08-May-2019 12:00:00,-7.675,-150.875,None,,,,,,,,
47622_BSH_F,47622,08-May-2019 13:00:00,-7.65,-150.875,SST,29.3,29.1770825386047,0,5387,,94.5519952184886,,
47622_BSH_F,47622,08-May-2019 17:01:15,-7.575,-150.875,Light - Dawn,,,208,5387,,0.0999999999999999,,
47622_BSH_F,47622,09-May-2019 00:00:00,-7.425,-150.9,None,,,,,,,09-May-2019 16:05:53,10-May-2019 03:54:07
47622_BSH_F,47622,09-May-2019 03:43:45,-7.35,-150.925,Light - Dusk,,,176,5460,,76.3461163682193,,
47622_BSH_F,47622,09-May-2019 09:00:00,-7.275,-150.95,SST,29.4,29.2099995613098,0,5460,,88.380066024498,,
47622_BSH_F,47622,09-May-2019 12:00:00,-7.125,-150.975,None,,,,,,,,
47622_BSH_F,47622,09-May-2019 15:48:45,-6.975,-150.975,Light - Dawn,,,176,5441,,94.6193717388247,,
47622_BSH_F,47622,10-May-2019 00:00:00,-6.7,-151.025,None,,,,,,,10-May-2019 16:05:34,11-May-2019 03:55:23
47622_BSH_F,47622,10-May-2019 11:00:00,-6.325,-151.05,SST,29.4,29.1345833142598,0,5226,,78.9621425214536,,
47622_BSH_F,47622,10-May-2019 12:00:00,-6.325,-151.05,None,,,,,,,,
47622_BSH_F,47622,10-May-2019 15:41:15,-6.25,-151.05,Light - Dawn,,,240,5325,,68.2475552573405,,
47622_BSH_F,47622,11-May-2019 00:00:00,-6.075,-151.075,None,,,,,,,11-May-2019 16:05:03,12-May-2019 03:56:15
47622_BSH_F,47622,11-May-2019 03:40:00,-5.975,-151.075,Light - Dusk,,,208,5198,,86.0154367055352,,
47622_BSH_F,47622,11-May-2019 03:45:00,-5.975,-151.075,Light - Dusk,,,208,5198,,71.6095666722848,,
47622_BSH_F,47622,11-May-2019 12:00:00,-5.8,-151.125,None,,,,,,,,
47622_BSH_F,47622,11-May-2019 14:00:00,-5.75,-151.125,SST,29.3,28.8158321380615,0,5463,,58.6955423930145,,
47622_BSH_F,47622,11-May-2019 15:41:15,-5.7,-151.15,Light - Dawn,,,208,5463,,8.2607450824937,,
47622_BSH_F,47622,12-May-2019 00:00:00,-5.475,-151.325,None,,,,,,,12-May-2019 16:05:21,13-May-2019 03:57:55
47622_BSH_F,47622,12-May-2019 03:25:00,-5.375,-151.4,Light - Dusk,,,208,5423,,3.65137655953288,,
47622_BSH_F,47622,12-May-2019 12:00:00,-5.35,-151.15,None,,,,,,,,
47622_BSH_F,47622,12-May-2019 15:36:15,-5.35,-151.075,Light - Dawn,,,208,5480,,54.7680739344413,,
47622_BSH_F,47622,13-May-2019 00:00:00,-5.2,-150.95,None,,,,,,,13-May-2019 16:03:34,14-May-2019 03:56:41
47622_BSH_F,47622,13-May-2019 03:11:15,-5.15,-150.9,Light - Dusk,,,368,5280,,1.46161170765873,,
47622_BSH_F,47622,13-May-2019 12:00:00,-5.325,-150.775,None,,,,,,,,
47622_BSH_F,47622,13-May-2019 15:00:00,-5.35,-150.7,SST,29.1,28.7737500667572,0,5233,,77.3350213213862,,
47622_BSH_F,47622,13-May-2019 15:36:15,-5.35,-150.7,Light - Dawn,,,208,5233,,0.103510088910351,,
47622_BSH_F,47622,14-May-2019 00:00:00,-5.425,-150.45,None,,,,,,,14-May-2019 16:01:58,15-May-2019 03:54:17
47622_BSH_F,47622,14-May-2019 03:28:45,-5.45,-150.35,Light - Dusk,,,240,5012,,55.5847091116673,,
47622_BSH_F,47622,14-May-2019 10:00:00,-5.55,-150.1,SST,29,28.9199988047282,0,5701,,98.880926569764,,
47622_BSH_F,47622,14-May-2019 12:00:00,-5.575,-150,None,,,,,,,,
47622_BSH_F,47622,14-May-2019 15:32:30,-5.625,-149.875,Light - Dawn,,,208,5680,,13.7237645187109,,
47622_BSH_F,47622,15-May-2019 00:00:00,-5.8,-149.6,None,,,,,,,15-May-2019 15:59:11,16-May-2019 03:50:17
47622_BSH_F,47622,15-May-2019 03:38:45,-5.875,-149.425,Light - Dusk,,,208,5508,,16.5490638507395,,
47622_BSH_F,47622,15-May-2019 12:00:00,-5.55,-149.675,None,,,,,,,,
47622_BSH_F,47622,15-May-2019 14:00:00,-5.475,-149.75,SST,29,29.0608331362406,0,4991,,88.1656481869384,,
47622_BSH_F,47622,15-May-2019 15:33:45,-5.45,-149.8,Light - Dawn,,,176,4991,,79.3344779882439,,
47622_BSH_F,47622,16-May-2019 00:00:00,-5.2,-150.075,None,,,,,,,16-May-2019 16:00:22,17-May-2019 03:52:56
47622_BSH_F,47622,16-May-2019 03:45:00,-5.1,-150.15,Light - Dusk,,,176,5089,,9.17096911460688,,
47622_BSH_F,47622,16-May-2019 12:00:00,-5.125,-149.925,None,,,,,,,,
47622_BSH_F,47622,16-May-2019 15:00:00,-5.125,-149.85,SST,29,28.9249994754791,0,5034,,98.1812402912686,,
47622_BSH_F,47622,16-May-2019 15:37:30,-5.125,-149.85,Light - Dawn,,,208,5034,,28.9109556738057,,
47622_BSH_F,47622,17-May-2019 00:00:00,-5.15,-149.65,None,,,,,,,17-May-2019 15:58:42,18-May-2019 03:51:15
47622_BSH_F,47622,17-May-2019 03:25:00,-5.15,-149.575,Light - Dusk,,,176,4920,,35.230676812545,,
47622_BSH_F,47622,17-May-2019 09:00:00,-5.075,-149.55,SST,29.1,28.7512490749359,0,4920,,68.8989222899274,,
47622_BSH_F,47622,17-May-2019 12:00:00,-5.075,-149.55,None,,,,,,,,
47622_BSH_F,47622,17-May-2019 15:35:00,-5.075,-149.5,Light - Dawn,,,272,4824,,72.3698686182757,,
47622_BSH_F,47622,18-May-2019 00:00:00,-5,-149.4,None,,,,,,,18-May-2019 15:57:37,19-May-2019 03:50:26
47622_BSH_F,47622,18-May-2019 03:42:30,-4.975,-149.35,Light - Dusk,,,208,4954,,28.7432648629589,,
47622_BSH_F,47622,18-May-2019 09:00:00,-4.9,-149.25,SST,29,28.6637487411499,0,4954,,64.6261669816928,,
47622_BSH_F,47622,18-May-2019 12:00:00,-4.925,-149.175,None,,,,,,,,
47622_BSH_F,47622,18-May-2019 15:33:45,-4.975,-149.125,Light - Dawn,,,208,5142,,80.2454827531871,,
47622_BSH_F,47622,19-May-2019 00:00:00,-4.975,-148.95,None,,,,,,,19-May-2019 15:55:54,20-May-2019 03:48:38
47622_BSH_F,47622,19-May-2019 03:31:15,-4.95,-148.85,Light - Dusk,,,208,5285,,70.2108870495024,,
47622_BSH_F,47622,19-May-2019 12:00:00,-4.8,-148.475,None,,,,,,,,
47622_BSH_F,47622,19-May-2019 14:00:00,-4.775,-148.4,SST,29,28.3891660372416,0,5177,,58.8748217770767,,
47622_BSH_F,47622,19-May-2019 15:43:45,-4.7,-148.35,Light - Dawn,,,208,5123,,0.596499917597688,,
47622_BSH_F,47622,20-May-2019 00:00:00,-4.925,-148.425,None,,,,,,,20-May-2019 15:53:52,21-May-2019 03:46:35
47622_BSH_F,47622,20-May-2019 12:00:00,-5.4,-148.5,SST,29,28.5799989700317,0,5293,,62.9266686598636,,
47622_BSH_F,47622,20-May-2019 15:33:45,-5.4,-148.5,Light - Dawn,,,208,5293,,25.4918562150735,,
47622_BSH_F,47622,21-May-2019 00:00:00,-5.4,-148.45,None,,,,,,,21-May-2019 15:54:48,22-May-2019 03:45:58
47622_BSH_F,47622,21-May-2019 03:40:00,-5.425,-148.425,Light - Dusk,,,336,5293,,0.100016878592828,,
47622_BSH_F,47622,21-May-2019 12:00:00,-5.45,-148.35,None,,,,,,,,
47622_BSH_F,47622,21-May-2019 15:00:00,-5.475,-148.35,SST,28.9,28.686249256134,0,5293,,84.9594181895902,,
47622_BSH_F,47622,21-May-2019 15:41:15,-5.475,-148.35,Light - Dawn,,,208,5293,,0.688710845929659,,
47622_BSH_F,47622,22-May-2019 00:00:00,-5.425,-148.275,None,,,,,,,22-May-2019 15:54:17,23-May-2019 03:45:14
47622_BSH_F,47622,22-May-2019 03:21:15,-5.375,-148.275,Light - Dusk,,,176,5293,,22.8595385983858,,
47622_BSH_F,47622,22-May-2019 12:00:00,-5.45,-148.1,None,,,,,,,,
47622_BSH_F,47622,22-May-2019 13:00:00,-5.45,-148.1,SST,28.9,28.7287493546804,0,5382,,93.0495132537325,,
47622_BSH_F,47622,22-May-2019 15:26:15,-5.45,-148.075,Light - Dawn,,,144,5382,,20.1232539748775,,
47622_BSH_F,47622,23-May-2019 00:00:00,-5.45,-148.05,None,,,,,,,23-May-2019 15:53:35,24-May-2019 03:44:18
47622_BSH_F,47622,23-May-2019 03:21:15,-5.5,-148.025,Light - Dusk,,,176,5282,,9.05471522551234,,
47622_BSH_F,47622,23-May-2019 12:00:00,-5.6,-147.775,SST,28.9,28.7699995040894,0,4944,,96.0460451446995,,
47622_BSH_F,47622,23-May-2019 15:21:15,-5.625,-147.675,Light - Dawn,,,176,4845,,15.3341180856302,,
47622_BSH_F,47622,24-May-2019 00:00:00,-5.75,-147.375,None,,,,,,,24-May-2019 15:51:31,25-May-2019 03:41:09
47622_BSH_F,47622,24-May-2019 12:00:00,-5.925,-146.975,SST,28.9,28.7949991226196,0,5001,,95.4859239384354,,
47622_BSH_F,47622,24-May-2019 15:51:15,-6,-146.85,Light - Dawn,,,176,5073,,97.6890557282719,,
47622_BSH_F,47622,25-May-2019 00:00:00,-6.1,-146.6,None,,,,,,,25-May-2019 15:49:08,26-May-2019 03:37:32
47622_BSH_F,47622,25-May-2019 03:28:45,-6.15,-146.5,Light - Dusk,,,208,4936,,75.3364990311308,,
47622_BSH_F,47622,25-May-2019 03:40:00,-6.15,-146.5,Light - Dusk,,,208,4936,,64.6407470277321,,
47622_BSH_F,47622,25-May-2019 12:00:00,-6.25,-146.3,None,,,,,,,,
47622_BSH_F,47622,25-May-2019 13:00:00,-6.275,-146.275,SST,28.8,28.798749367396,0,5029,,94.9330366809511,,
47622_BSH_F,47622,25-May-2019 15:30:00,-6.325,-146.225,Light - Dawn,,,176,4877,,0.115151888986347,,
47622_BSH_F,47622,26-May-2019 00:00:00,-6.425,-146.025,None,,,,,,,26-May-2019 15:47:31,27-May-2019 03:34:45
47622_BSH_F,47622,26-May-2019 03:03:45,-6.475,-145.95,Light - Dusk,,,208,4836,,0.100000000023119,,
47622_BSH_F,47622,26-May-2019 09:00:00,-6.55,-145.825,SST,28.9,28.7012495994568,0,4979,,88.1451533264043,,
47622_BSH_F,47622,26-May-2019 12:00:00,-6.6,-145.775,None,,,,,,,,
47622_BSH_F,47622,26-May-2019 15:15:00,-6.675,-145.675,Light - Dawn,,,176,4928,,0.11099549696863,,
47622_BSH_F,47622,27-May-2019 00:00:00,-6.825,-145.475,None,,,,,,,27-May-2019 15:46:09,28-May-2019 03:31:57
47622_BSH_F,47622,27-May-2019 03:32:30,-6.875,-145.4,Light - Dusk,,,240,5095,,0.1,,
47622_BSH_F,47622,27-May-2019 11:00:00,-7.025,-145.225,SST,29,28.699165503184,0,4889,,71.6819207485209,,
47622_BSH_F,47622,27-May-2019 12:00:00,-7.025,-145.2,None,,,,,,,,
47622_BSH_F,47622,27-May-2019 15:36:15,-7.025,-145.125,Light - Dawn,,,176,4889,,30.5945609717938,,
47622_BSH_F,47622,28-May-2019 00:00:00,-6.95,-144.925,None,,,,,,,28-May-2019 15:44:21,29-May-2019 03:29:36
47622_BSH_F,47622,28-May-2019 03:20:00,-6.925,-144.875,Light - Dusk,,,240,4903,,0.142385485706404,,
47622_BSH_F,47622,28-May-2019 12:00:00,-7.25,-144.825,None,,,,,,,,
47622_BSH_F,47622,28-May-2019 15:00:00,-7.275,-144.75,SST,28.8,28.7449998855591,0,4868,,94.1246707927462,,
47622_BSH_F,47622,28-May-2019 15:26:15,-7.275,-144.75,Light - Dawn,,,112,4868,,0.100013616055121,,
47622_BSH_F,47622,29-May-2019 00:00:00,-7.425,-144.6,None,,,,,,,29-May-2019 15:44:02,30-May-2019 03:27:35
47622_BSH_F,47622,29-May-2019 03:31:15,-7.525,-144.425,Light - Dusk,,,208,4742,,4.54569648967293,,
47622_BSH_F,47622,29-May-2019 10:00:00,-7.525,-144.45,SST,28.8,28.7791659037272,0,4742,,90.6247628586087,,
47622_BSH_F,47622,29-May-2019 12:00:00,-7.575,-144.45,None,,,,,,,,
47622_BSH_F,47622,29-May-2019 15:10:00,-7.6,-144.4,Light - Dawn,,,176,4742,,0.530238389615034,,
47622_BSH_F,47622,30-May-2019 00:00:00,-7.75,-144.3,None,,,,,,,30-May-2019 15:43:35,31-May-2019 03:25:54
47622_BSH_F,47622,30-May-2019 09:00:00,-7.875,-144.15,SST,28.8,28.6274988651276,0,4622,,85.4454289370924,,
47622_BSH_F,47622,30-May-2019 12:00:00,-7.9,-144.1,None,,,,,,,,
47622_BSH_F,47622,30-May-2019 15:25:00,-7.925,-144.05,Light - Dawn,,,80,4622,,29.5789639210598,,
47622_BSH_F,47622,31-May-2019 00:00:00,-8,-143.925,None,,,,,,,31-May-2019 15:42:43,01-Jun-2019 03:24:03
47622_BSH_F,47622,31-May-2019 03:31:15,-8.025,-143.9,Light - Dusk,,,304,4491,,9.68380892034064,,
47622_BSH_F,47622,31-May-2019 03:32:30,-8.025,-143.9,Light - Dusk,,,304,4491,,7.86115014055422,,
47622_BSH_F,47622,31-May-2019 09:00:00,-8.025,-143.925,SST,28.7,28.5724990367889,0,4491,,89.6509632392753,,
47622_BSH_F,47622,31-May-2019 12:00:00,-8.025,-143.975,None,,,,,,,,
47622_BSH_F,47622,31-May-2019 15:06:15,-8,-144,Light - Dawn,,,208,4491,,0.100000000000008,,
47622_BSH_F,47622,01-Jun-2019 00:00:00,-7.95,-144.125,None,,,,,,,01-Jun-2019 15:43:40,02-Jun-2019 03:25:01
47622_BSH_F,47622,01-Jun-2019 12:00:00,-7.85,-144.275,SST,28.7,28.6499996185303,0,4770,,91.4951408448296,,
47622_BSH_F,47622,01-Jun-2019 15:16:15,-7.85,-144.3,Light - Dawn,,,176,4770,,0.101677235646967,,
47622_BSH_F,47622,02-Jun-2019 00:00:00,-7.825,-144.4,None,,,,,,,02-Jun-2019 15:44:48,03-Jun-2019 03:26:24
47622_BSH_F,47622,02-Jun-2019 03:22:30,-7.8,-144.425,Light - Dusk,,,176,4770,,37.5033149018752,,
47622_BSH_F,47622,02-Jun-2019 03:27:30,-7.8,-144.425,Light - Dusk,,,176,4770,,44.7109329994047,,
47622_BSH_F,47622,02-Jun-2019 09:00:00,-7.8,-144.425,SST,28.7,28.6924998760223,0,4770,,86.9960614300924,,
47622_BSH_F,47622,02-Jun-2019 12:00:00,-7.825,-144.425,None,,,,,,,,
47622_BSH_F,47622,02-Jun-2019 15:15:00,-7.85,-144.45,Light - Dawn,,,176,4770,,0.1,,
47622_BSH_F,47622,03-Jun-2019 00:00:00,-7.9,-144.475,None,,,,,,,03-Jun-2019 15:45:28,04-Jun-2019 03:26:40
47622_BSH_F,47622,03-Jun-2019 11:00:00,-7.95,-144.45,SST,28.7,28.6795825958252,0,4770,,87.1058398419668,,
47622_BSH_F,47622,03-Jun-2019 12:00:00,-7.95,-144.45,None,,,,,,,,
47622_BSH_F,47622,03-Jun-2019 18:51:15,-8.05,-144.475,Light - Dawn,,,272,4886,,0.1,,
47622_BSH_F,47622,04-Jun-2019 00:00:00,-8.125,-144.5,None,,,,,,,04-Jun-2019 15:46:11,05-Jun-2019 03:26:29
47622_BSH_F,47622,04-Jun-2019 03:30:00,-8.175,-144.5,Light - Dusk,,,144,4886,,40.9663788118186,,
47622_BSH_F,47622,04-Jun-2019 10:00:00,-8.2,-144.6,SST,28.8,28.614999294281,0,4937,,90.5662234720288,,
47622_BSH_F,47622,04-Jun-2019 12:00:00,-8.225,-144.6,None,,,,,,,,
47622_BSH_F,47622,04-Jun-2019 15:13:45,-8.25,-144.625,Light - Dawn,,,240,4937,,0.100000000078378,,
47622_BSH_F,47622,05-Jun-2019 00:00:00,-8.325,-144.675,None,,,,,,,05-Jun-2019 15:47:28,06-Jun-2019 03:26:57
47622_BSH_F,47622,05-Jun-2019 03:05:00,-8.35,-144.675,Light - Dusk,,,208,4998,,87.4461831912077,,
47622_BSH_F,47622,05-Jun-2019 10:00:00,-8.375,-144.75,SST,28.9,28.5458324750264,0,5111,,71.6230169927288,,
47622_BSH_F,47622,05-Jun-2019 12:00:00,-8.4,-144.75,None,,,,,,,,
47622_BSH_F,47622,05-Jun-2019 15:43:45,-8.4,-144.75,Light - Dawn,,,240,5111,,74.3191753489606,,
47622_BSH_F,47622,06-Jun-2019 00:00:00,-8.425,-144.8,None,,,,,,,06-Jun-2019 15:48:24,07-Jun-2019 03:27:24
47622_BSH_F,47622,06-Jun-2019 02:13:45,-8.425,-144.825,Light - Dusk,,,432,5111,,0.0999999999999999,,
47622_BSH_F,47622,06-Jun-2019 12:00:00,-8.475,-144.9,None,,,,,,,,
47622_BSH_F,47622,06-Jun-2019 14:00:00,-8.475,-144.925,SST,28.9,28.5799999237061,0,5111,,79.2219389196189,,
47622_BSH_F,47622,06-Jun-2019 15:11:15,-8.475,-144.925,Light - Dawn,,,240,5111,,65.5799794568685,,
47622_BSH_F,47622,07-Jun-2019 00:00:00,-8.45,-145.025,None,,,,,,,07-Jun-2019 15:49:35,08-Jun-2019 03:28:22
47622_BSH_F,47622,07-Jun-2019 03:30:00,-8.4,-145.075,Light - Dusk,,,176,5125,,60.2670376887364,,
47622_BSH_F,47622,07-Jun-2019 12:00:00,-8.475,-145.1,SST,28.8,28.6899995803833,0,5125,,94.0249859166955,,
47622_BSH_F,47622,07-Jun-2019 15:30:00,-8.475,-145.125,Light - Dawn,,,208,5125,,0.0999999999999999,,
47622_BSH_F,47622,08-Jun-2019 00:00:00,-8.475,-145.2,None,,,,,,,08-Jun-2019 15:50:35,09-Jun-2019 03:29:10
47622_BSH_F,47622,08-Jun-2019 03:37:30,-8.475,-145.225,Light - Dusk,,,176,5125,,17.6019406567669,,
47622_BSH_F,47622,08-Jun-2019 12:00:00,-8.425,-145.4,None,,,,,,,,
47622_BSH_F,47622,08-Jun-2019 13:00:00,-8.425,-145.4,SST,28.7,28.6974998315175,0,5256,,88.2738847519335,,
47622_BSH_F,47622,08-Jun-2019 15:35:00,-8.425,-145.425,Light - Dawn,,,176,5256,,75.1545438457559,,
47622_BSH_F,47622,09-Jun-2019 00:00:00,-8.45,-145.6,None,,,,,,,09-Jun-2019 15:52:23,10-Jun-2019 03:30:57
47622_BSH_F,47622,09-Jun-2019 02:42:30,-8.45,-145.625,Light - Dusk,,,400,5357,,0.10534129541701,,
47622_BSH_F,47622,09-Jun-2019 12:00:00,-8.4,-145.8,None,,,,,,,,
47622_BSH_F,47622,09-Jun-2019 15:31:15,-8.475,-145.75,Light - Dawn,,,208,5451,,81.0818299154269,,
47622_BSH_F,47622,10-Jun-2019 00:00:00,-7.975,-146.35,None,,,,,,,10-Jun-2019 15:54:49,11-Jun-2019 03:34:55
47622_BSH_F,47622,10-Jun-2019 02:37:30,-7.925,-146.45,Light - Dusk,,,240,5278,,0.102681394061671,,
47622_BSH_F,47622,10-Jun-2019 12:00:00,-7.75,-146.725,None,,,,,,,,
47622_BSH_F,47622,10-Jun-2019 13:00:00,-7.725,-146.725,SST,28.5,28.5720822016398,0,5183,,64.025370494192,,
47622_BSH_F,47622,10-Jun-2019 15:33:45,-7.725,-146.825,Light - Dawn,,,144,5340,,0.101419391815022,,
47622_BSH_F,47622,11-Jun-2019 00:00:00,-7.675,-147.175,None,,,,,,,11-Jun-2019 15:57:51,12-Jun-2019 03:38:54
47622_BSH_F,47622,11-Jun-2019 03:16:15,-7.6,-147.325,Light - Dusk,,,208,5312,,3.8743504952596,,
47622_BSH_F,47622,11-Jun-2019 12:00:00,-8.85,-145.675,None,,,,,,,,
47622_BSH_F,47622,11-Jun-2019 14:00:00,-8.85,-145.675,SST,28.6,28.5666658083598,0,5250,,85.7283282357753,,
47622_BSH_F,47622,11-Jun-2019 15:38:45,-8.85,-145.7,Light - Dawn,,,208,5250,,0.100010052797203,,
47622_BSH_F,47622,12-Jun-2019 00:00:00,-8.875,-145.75,None,,,,,,,12-Jun-2019 15:54:29,13-Jun-2019 03:31:16
47622_BSH_F,47622,12-Jun-2019 03:42:30,-8.9,-145.825,Light - Dusk,,,112,5272,,17.6838699231929,,
47622_BSH_F,47622,12-Jun-2019 12:00:00,-8.85,-145.875,None,,,,,,,,
47622_BSH_F,47622,12-Jun-2019 15:00:00,-8.825,-145.925,SST,28.6,28.4499988555908,0,5272,,95.9728945356645,,
47622_BSH_F,47622,12-Jun-2019 15:46:15,-8.825,-145.925,Light - Dawn,,,240,5272,,0.120187301401622,,
47622_BSH_F,47622,13-Jun-2019 00:00:00,-8.825,-146.075,None,,,,,,,13-Jun-2019 15:55:57,14-Jun-2019 03:32:50
47622_BSH_F,47622,13-Jun-2019 03:12:30,-8.825,-146.125,Light - Dusk,,,208,5264,,3.95055864650735,,
47622_BSH_F,47622,13-Jun-2019 12:00:00,-8.825,-146.275,None,,,,,,,,
47622_BSH_F,47622,13-Jun-2019 14:00:00,-8.825,-146.3,SST,28.6,28.5083327293396,0,5341,,96.5242256708099,,
47622_BSH_F,47622,13-Jun-2019 15:41:15,-8.825,-146.325,Light - Dawn,,,240,5341,,0.103251597558157,,
47622_BSH_F,47622,14-Jun-2019 00:00:00,-8.825,-146.45,None,,,,,,,14-Jun-2019 15:57:42,15-Jun-2019 03:34:31
47622_BSH_F,47622,14-Jun-2019 10:00:00,-8.85,-146.625,SST,28.6,28.494998772939,0,5381,,95.4851543830582,,
47622_BSH_F,47622,14-Jun-2019 12:00:00,-8.85,-146.65,None,,,,,,,,
47622_BSH_F,47622,14-Jun-2019 15:53:45,-8.85,-146.775,Light - Dawn,,,208,5392,,0.103625822644251,,
47622_BSH_F,47622,15-Jun-2019 00:00:00,-8.875,-146.85,SST,28.5,28.4699993133545,0,5392,,95.1591237953346,15-Jun-2019 15:59:37,16-Jun-2019 03:36:12
47622_BSH_F,47622,15-Jun-2019 03:32:30,-8.775,-146.875,Light - Dusk,,,336,5392,,3.04044128325267,,
47622_BSH_F,47622,15-Jun-2019 12:00:00,-8.875,-147.125,None,,,,,,,,
47622_BSH_F,47622,15-Jun-2019 16:06:15,-8.85,-147.225,Light - Dusk,,,496,5299,,0.0999999999999999,,
47622_BSH_F,47622,16-Jun-2019 00:00:00,-8.825,-147.475,None,,,,,,,16-Jun-2019 16:02:17,17-Jun-2019 03:38:59
47622_BSH_F,47622,16-Jun-2019 03:27:30,-8.825,-147.6,Light - Dusk,,,208,5173,,0.1,,
47622_BSH_F,47622,16-Jun-2019 08:32:30,-8.8,-147.725,Light - Dawn,,,240,5173,,0.1,,
47622_BSH_F,47622,16-Jun-2019 09:00:00,-8.8,-147.725,SST,28.5,28.3837492465973,0,5173,,86.1306861766726,,
47622_BSH_F,47622,16-Jun-2019 12:00:00,-8.8,-147.825,None,,,,,,,,
47622_BSH_F,47622,16-Jun-2019 16:00:00,-8.775,-147.925,Light - Dawn,,,208,5157,,0.297694499988852,,
47622_BSH_F,47622,17-Jun-2019 00:00:00,-8.75,-148.1,None,,,,,,,17-Jun-2019 16:04:53,18-Jun-2019 03:41:49
47622_BSH_F,47622,17-Jun-2019 03:55:00,-8.575,-147.95,Light - Dusk,,,144,5197,,72.2982028423864,,
47622_BSH_F,47622,17-Jun-2019 11:00:00,-8.725,-148.275,SST,28.5,28.3191663424174,0,5308,,84.9052040696792,,
47622_BSH_F,47622,17-Jun-2019 12:00:00,-8.725,-148.275,None,,,,,,,,
47622_BSH_F,47622,17-Jun-2019 16:01:15,-8.775,-148.375,Light - Dawn,,,208,5124,,88.2920433091601,,
47622_BSH_F,47622,18-Jun-2019 00:00:00,-8.8,-148.45,None,,,,,,,18-Jun-2019 16:06:36,19-Jun-2019 03:43:20
47622_BSH_F,47622,18-Jun-2019 03:42:30,-8.8,-148.45,Light - Dusk,,,240,5124,,53.0933801303165,,
47622_BSH_F,47622,18-Jun-2019 10:00:00,-8.775,-148.625,SST,28.5,28.433332602183,0,5123,,87.0398470442201,,
47622_BSH_F,47622,18-Jun-2019 12:00:00,-8.775,-148.65,None,,,,,,,,
47622_BSH_F,47622,18-Jun-2019 15:35:00,-8.775,-148.725,Light - Dawn,,,208,5123,,0.100000000031436,,
47622_BSH_F,47622,19-Jun-2019 00:00:00,-8.775,-148.875,None,,,,,,,19-Jun-2019 16:08:30,20-Jun-2019 03:45:17
47622_BSH_F,47622,19-Jun-2019 10:00:00,-8.8,-149.075,SST,28.5,28.2474993069967,0,5133,,75.8533190239842,,
47622_BSH_F,47622,19-Jun-2019 12:00:00,-8.775,-149.1,None,,,,,,,,
47622_BSH_F,47622,19-Jun-2019 16:06:15,-8.725,-149.175,Light - Dawn,,,240,5078,,39.5784126756323,,
47622_BSH_F,47622,20-Jun-2019 00:00:00,-8.7,-149.425,None,,,,,,,20-Jun-2019 16:10:47,21-Jun-2019 03:47:50
47622_BSH_F,47622,20-Jun-2019 03:06:15,-8.7,-149.55,Light - Dusk,,,208,5204,,36.393364611136,,
47622_BSH_F,47622,20-Jun-2019 03:53:45,-8.7,-149.55,Light - Dusk,,,176,5204,,0.100000002223461,,
47622_BSH_F,47622,20-Jun-2019 12:00:00,-8.65,-149.825,None,,,,,,,,
47622_BSH_F,47622,20-Jun-2019 15:06:15,-8.65,-149.9,Light - Dawn,,,240,5175,,62.8488020303363,,
47622_BSH_F,47622,20-Jun-2019 16:00:00,-8.65,-149.9,SST,28.6,28.2933330535889,0,5175,,72.4747696743173,,
47622_BSH_F,47622,21-Jun-2019 00:00:00,-8.675,-149.925,None,,,,,,,21-Jun-2019 16:12:58,22-Jun-2019 03:50:05
47622_BSH_F,47622,21-Jun-2019 03:40:00,-8.675,-149.925,Light - Dusk,,,144,5175,,75.7384307894179,,
47622_BSH_F,47622,21-Jun-2019 12:00:00,-8.625,-149.95,SST,28.6,28.3400001525879,0,5175,,82.8971557453521,,
47622_BSH_F,47622,21-Jun-2019 16:00:00,-8.625,-149.95,Light - Dawn,,,208,5175,,66.4396930767512,,
47622_BSH_F,47622,22-Jun-2019 00:00:00,-8.6,-150.025,None,,,,,,,22-Jun-2019 16:13:27,23-Jun-2019 03:50:51
47622_BSH_F,47622,22-Jun-2019 02:53:45,-8.6,-150.05,Light - Dusk,,,208,5138,,0.10485569392631,,
47622_BSH_F,47622,22-Jun-2019 12:00:00,-8.625,-150.15,None,,,,,,,,
47622_BSH_F,47622,22-Jun-2019 15:58:45,-8.625,-150.2,Light - Dawn,,,208,5138,,97.2235099889731,,
47622_BSH_F,47622,22-Jun-2019 17:00:00,-8.625,-150.2,SST,28.6,28.3858326276143,0,5138,,84.3336339074048,,
47622_BSH_F,47622,23-Jun-2019 00:00:00,-8.575,-150.25,None,,,,,,,23-Jun-2019 16:14:30,24-Jun-2019 03:52:01
47622_BSH_F,47622,23-Jun-2019 03:43:45,-8.55,-150.3,Light - Dusk,,,272,5184,,85.5877383465317,,
47622_BSH_F,47622,23-Jun-2019 12:00:00,-8.525,-150.35,None,,,,,,,,
47622_BSH_F,47622,23-Jun-2019 15:41:15,-8.5,-150.375,Light - Dawn,,,240,5184,,79.2127716459718,,
47622_BSH_F,47622,23-Jun-2019 16:00:00,-8.5,-150.375,SST,28.5,28.3166656494141,0,5184,,87.866829160763,,
47622_BSH_F,47622,24-Jun-2019 00:00:00,-8.45,-150.5,None,,,,,,,24-Jun-2019 16:15:29,25-Jun-2019 03:53:28
47622_BSH_F,47622,24-Jun-2019 03:40:00,-8.425,-150.575,Light - Dusk,,,304,5533,,23.4314515197908,,
47622_BSH_F,47622,24-Jun-2019 09:00:00,-8.45,-150.6,SST,28.6,28.3124990463257,0,5533,,75.6326044767683,,
47622_BSH_F,47622,24-Jun-2019 12:00:00,-8.425,-150.6,None,,,,,,,,
47622_BSH_F,47622,24-Jun-2019 15:52:30,-8.4,-150.625,Light - Dawn,,,208,5533,,89.3252045839635,,
47622_BSH_F,47622,25-Jun-2019 00:00:00,-8.35,-150.675,None,,,,,,,25-Jun-2019 16:16:13,26-Jun-2019 03:54:34
47622_BSH_F,47622,25-Jun-2019 03:41:15,-8.325,-150.725,Light - Dusk,,,208,5533,,76.7607016191024,,
47622_BSH_F,47622,25-Jun-2019 12:00:00,-8.3,-150.775,None,,,,,,,,
47622_BSH_F,47622,25-Jun-2019 16:06:15,-8.275,-150.8,Light - Dawn,,,208,5474,,78.3740779760915,,
47622_BSH_F,47622,26-Jun-2019 00:00:00,-8.25,-150.875,None,,,,,,,26-Jun-2019 16:17:02,27-Jun-2019 03:55:47
47622_BSH_F,47622,26-Jun-2019 03:46:15,-8.25,-150.9,Light - Dusk,,,208,5525,,45.7709028115976,,
47622_BSH_F,47622,26-Jun-2019 09:00:00,-8.275,-150.95,SST,28.7,28.3724999427795,0,5474,,62.9696710934655,,
47622_BSH_F,47622,26-Jun-2019 12:00:00,-8.25,-150.975,None,,,,,,,,
47622_BSH_F,47622,26-Jun-2019 15:58:45,-8.2,-151.025,Light - Dawn,,,208,4818,,84.8800754093156,,
47622_BSH_F,47622,27-Jun-2019 00:00:00,-8.175,-151.075,None,,,,,,,27-Jun-2019 16:17:53,28-Jun-2019 03:56:56
47622_BSH_F,47622,27-Jun-2019 03:48:45,-8.15,-151.125,Light - Dusk,,,208,4818,,87.9671757322092,,
47622_BSH_F,47622,27-Jun-2019 09:00:00,-8.1,-151.15,SST,28.6,28.4962499141693,0,4818,,87.741114066555,,
47622_BSH_F,47622,27-Jun-2019 12:00:00,-8.1,-151.175,None,,,,,,,,
47622_BSH_F,47622,27-Jun-2019 15:43:45,-8.1,-151.2,Light - Dawn,,,208,4818,,92.5111616577395,,
47622_BSH_F,47622,28-Jun-2019 00:00:00,-8.05,-151.25,None,,,,,,,28-Jun-2019 16:18:32,29-Jun-2019 03:58:06
47622_BSH_F,47622,28-Jun-2019 03:43:45,-8.025,-151.275,Light - Dusk,,,240,5242,,70.0796446732211,,
47622_BSH_F,47622,28-Jun-2019 11:00:00,-7.95,-151.25,SST,28.5,28.4054164091746,0,5154,,90.6333704663979,,
47622_BSH_F,47622,28-Jun-2019 12:00:00,-7.95,-151.25,None,,,,,,,,
47622_BSH_F,47622,28-Jun-2019 15:53:45,-7.95,-151.225,Light - Dawn,,,208,5442,,0.577283082138452,,
47622_BSH_F,47622,29-Jun-2019 00:00:00,-7.975,-151.3,None,,,,,,,29-Jun-2019 16:18:46,30-Jun-2019 03:58:40
47622_BSH_F,47622,29-Jun-2019 03:51:15,-8,-151.3,Light - Dusk,,,368,5242,,91.0608095040718,,
47622_BSH_F,47622,29-Jun-2019 11:00:00,-7.975,-151.325,SST,28.6,28.4133322238922,0,5154,,86.0944224045609,,
47622_BSH_F,47622,29-Jun-2019 12:00:00,-8,-151.325,None,,,,,,,,
47622_BSH_F,47622,29-Jun-2019 15:55:00,-8,-151.325,Light - Dawn,,,208,5242,,91.2317201661791,,
47622_BSH_F,47622,30-Jun-2019 00:00:00,-8,-151.325,None,,,,,,,30-Jun-2019 16:19:05,01-Jul-2019 03:58:57
47622_BSH_F,47622,30-Jun-2019 03:43:45,-8,-151.325,Light - Dusk,,,368,5242,,90.903815533732,,
47622_BSH_F,47622,30-Jun-2019 10:00:00,-7.975,-151.325,SST,28.6,28.3908327420553,0,5154,,82.8609303933424,,
47622_BSH_F,47622,30-Jun-2019 12:00:00,-7.95,-151.325,None,,,,,,,,
47622_BSH_F,47622,30-Jun-2019 15:51:15,-7.9,-151.275,Light - Dawn,,,240,5154,,12.574105008683,,
47622_BSH_F,47622,01-Jul-2019 00:00:00,-7.875,-151.35,None,,,,,,,01-Jul-2019 16:19:07,02-Jul-2019 03:59:30
47622_BSH_F,47622,01-Jul-2019 03:31:15,-7.85,-151.375,Light - Dusk,,,240,5154,,0.100005763734438,,
47622_BSH_F,47622,01-Jul-2019 12:00:00,-7.775,-151.425,SST,28.5,28.4699993133545,0,5154,,84.0314867478675,,
47622_BSH_F,47622,01-Jul-2019 16:10:00,-7.75,-151.45,Light - Dawn,,,208,5450,,90.1174803373854,,
47622_BSH_F,47622,02-Jul-2019 00:00:00,-7.7,-151.525,None,,,,,,,02-Jul-2019 16:19:40,03-Jul-2019 04:00:45
47622_BSH_F,47622,02-Jul-2019 04:11:15,-7.675,-151.55,Light - Dusk,,,240,5249,,0.1,,
47622_BSH_F,47622,02-Jul-2019 11:00:00,-7.625,-151.575,SST,28.6,28.5224987665812,0,5249,,84.6205438713696,,
47622_BSH_F,47622,02-Jul-2019 12:00:00,-7.625,-151.6,None,,,,,,,,
47622_BSH_F,47622,02-Jul-2019 15:47:30,-7.6,-151.625,Light - Dawn,,,240,5249,,0.101140007446674,,
47622_BSH_F,47622,03-Jul-2019 00:00:00,-7.525,-151.7,None,,,,,,,03-Jul-2019 16:20:12,04-Jul-2019 04:01:59
47622_BSH_F,47622,03-Jul-2019 04:08:45,-7.475,-151.7,Light - Dusk,,,240,5312,,0.155506014758298,,
47622_BSH_F,47622,03-Jul-2019 12:00:00,-7.4,-151.75,None,,,,,,,,
47622_BSH_F,47622,03-Jul-2019 13:00:00,-7.4,-151.75,SST,28.6,28.5070824623108,0,5115,,83.110244071008,,
47622_BSH_F,47622,03-Jul-2019 15:57:30,-7.4,-151.75,Light - Dawn,,,336,5115,,0.0999999999999998,,
47622_BSH_F,47622,04-Jul-2019 00:00:00,-7.375,-151.8,None,,,,,,,04-Jul-2019 16:20:28,05-Jul-2019 04:02:52
47622_BSH_F,47622,04-Jul-2019 04:10:00,-7.35,-151.85,Light - Dusk,,,208,5115,,13.1640538304599,,
47622_BSH_F,47622,04-Jul-2019 12:00:00,-7.325,-151.675,None,,,,,,,,
47622_BSH_F,47622,04-Jul-2019 15:00:00,-7.3,-151.625,SST,28.5,28.5549993515015,0,5312,,84.4190974502814,,
47622_BSH_F,47622,04-Jul-2019 16:05:00,-7.325,-151.625,Light - Dawn,,,240,5312,,0.1,,
47622_BSH_F,47622,05-Jul-2019 00:00:00,-7.45,-151.55,None,,,,,,,05-Jul-2019 16:19:43,06-Jul-2019 04:01:58
47622_BSH_F,47622,05-Jul-2019 03:46:15,-7.475,-151.5,Light - Dusk,,,176,5501,,86.167521372126,,
47622_BSH_F,47622,05-Jul-2019 12:00:00,-7.55,-151.425,None,,,,,,,,
47622_BSH_F,47622,05-Jul-2019 15:57:30,-7.55,-151.4,Light - Dawn,,,208,5450,,55.5682511052181,,
47622_BSH_F,47622,06-Jul-2019 00:00:00,-7.575,-151.325,None,,,,,,,06-Jul-2019 16:19:09,07-Jul-2019 04:01:05
47622_BSH_F,47622,06-Jul-2019 03:45:00,-7.5,-151.3,Light - Dusk,,,208,5450,,19.9734951503855,,
47622_BSH_F,47622,06-Jul-2019 12:00:00,-7.625,-151.3,None,,,,,,,,
47622_BSH_F,47622,06-Jul-2019 14:00:00,-7.625,-151.3,SST,28.5,28.4658325513204,0,5450,,90.8923229714273,,
47622_BSH_F,47622,06-Jul-2019 15:46:15,-7.625,-151.3,Light - Dawn,,,208,5450,,0.100007303946419,,
47622_BSH_F,47622,07-Jul-2019 00:00:00,-7.675,-151.275,None,,,,,,,07-Jul-2019 16:19:13,08-Jul-2019 04:00:56
47622_BSH_F,47622,07-Jul-2019 03:51:15,-7.675,-151.225,Light - Dusk,,,208,5551,,0.206004878979567,,
47622_BSH_F,47622,07-Jul-2019 12:00:00,-7.65,-151.4,None,,,,,,,,
47622_BSH_F,47622,07-Jul-2019 14:00:00,-7.65,-151.4,SST,28.6,28.4874997138977,0,5450,,90.5422752869455,,
47622_BSH_F,47622,07-Jul-2019 15:58:45,-7.625,-151.425,Light - Dawn,,,176,5450,,11.3642023690346,,
47622_BSH_F,47622,08-Jul-2019 00:00:00,-7.6,-151.55,None,,,,,,,08-Jul-2019 16:20:17,09-Jul-2019 04:02:23
47622_BSH_F,47622,08-Jul-2019 10:00:00,-7.575,-151.675,SST,28.6,28.5483325322469,0,5249,,88.3491695900745,,
47622_BSH_F,47622,08-Jul-2019 12:00:00,-7.575,-151.7,None,,,,,,,,
47622_BSH_F,47622,08-Jul-2019 16:10:00,-7.575,-151.75,Light - Dawn,,,240,5288,,0.1,,
47622_BSH_F,47622,09-Jul-2019 00:00:00,-7.6,-151.825,None,,,,,,,09-Jul-2019 16:21:27,10-Jul-2019 04:03:42
47622_BSH_F,47622,09-Jul-2019 03:22:30,-7.625,-151.85,Light - Dusk,,,336,5288,,0.1,,
47622_BSH_F,47622,09-Jul-2019 04:13:45,-7.65,-151.85,Light - Dusk,,,240,5288,,34.6544242179504,,
47622_BSH_F,47622,09-Jul-2019 11:00:00,-7.55,-152.05,SST,28.6,28.4949997266134,0,5206,,85.2764418595316,,
47622_BSH_F,47622,09-Jul-2019 12:00:00,-7.55,-152.05,None,,,,,,,,
47622_BSH_F,47622,09-Jul-2019 16:00:00,-7.475,-152.15,Light - Dawn,,,240,5348,,14.6207108388895,,
47622_BSH_F,47622,10-Jul-2019 00:00:00,-7.375,-152.575,None,,,,,,,10-Jul-2019 16:24:09,11-Jul-2019 04:07:18
47622_BSH_F,47622,10-Jul-2019 03:46:15,-7.325,-152.775,Light - Dusk,,,176,5014,,1.99803408046587,,
47622_BSH_F,47622,10-Jul-2019 12:00:00,-7.375,-152.95,None,,,,,,,,
47622_BSH_F,47622,10-Jul-2019 16:12:30,-7.4,-153.05,Light - Dawn,,,176,5125,,90.2321158179162,,
47622_BSH_F,47622,11-Jul-2019 00:00:00,-7.45,-153.225,None,,,,,,,11-Jul-2019 16:26:56,12-Jul-2019 04:09:59
47622_BSH_F,47622,11-Jul-2019 12:00:00,-7.55,-153.475,None,,,,,,,,
47622_BSH_F,47622,11-Jul-2019 16:06:15,-7.6,-153.55,Light - Dawn,,,176,5255,,95.9180871674383,,
47622_BSH_F,47622,12-Jul-2019 00:00:00,-7.775,-153.65,None,,,,,,,12-Jul-2019 16:29:13,13-Jul-2019 04:11:22
47622_BSH_F,47622,12-Jul-2019 03:57:30,-7.875,-153.675,Light - Dusk,,,368,5388,,83.6795449701009,,
47622_BSH_F,47622,12-Jul-2019 04:06:15,-7.875,-153.675,Light - Dusk,,,240,5388,,3.71762884744524,,
47622_BSH_F,47622,12-Jul-2019 12:00:00,-7.825,-153.95,None,,,,,,,,
47622_BSH_F,47622,12-Jul-2019 14:00:00,-7.825,-154,SST,28.9,28.6508326530457,0,5283,,73.5964441510485,,
47622_BSH_F,47622,12-Jul-2019 16:11:15,-7.8,-154.075,Light - Dawn,,,176,5300,,95.0051760929087,,
47622_BSH_F,47622,13-Jul-2019 00:00:00,-7.725,-154.2,None,,,,,,,13-Jul-2019 16:31:22,14-Jul-2019 04:13:51
47622_BSH_F,47622,13-Jul-2019 04:03:45,-7.7,-154.275,Light - Dusk,,,208,5407,,47.9363535500573,,
47622_BSH_F,47622,13-Jul-2019 12:00:00,-7.7,-154.4,None,,,,,,,,
47622_BSH_F,47622,13-Jul-2019 15:00:00,-7.7,-154.45,SST,28.9,28.7349991798401,0,5407,,87.7381021155566,,
47622_BSH_F,47622,13-Jul-2019 16:10:00,-7.7,-154.475,Light - Dawn,,,240,5407,,84.3624212750141,,
47622_BSH_F,47622,14-Jul-2019 00:00:00,-7.725,-154.6,None,,,,,,,14-Jul-2019 16:33:00,15-Jul-2019 04:15:39
47622_BSH_F,47622,14-Jul-2019 12:00:00,-7.85,-154.85,SST,28.7,28.8299999237061,0,5398,,70.7751992222683,,
47622_BSH_F,47622,14-Jul-2019 16:11:15,-7.825,-154.875,Light - Dawn,,,208,5398,,39.421288644589,,
47622_BSH_F,47622,15-Jul-2019 00:00:00,-7.825,-154.925,None,,,,,,,15-Jul-2019 16:34:28,16-Jul-2019 04:16:59
47622_BSH_F,47622,15-Jul-2019 03:48:45,-7.85,-154.975,Light - Dusk,,,240,5398,,28.9623794939947,,
47622_BSH_F,47622,15-Jul-2019 04:08:45,-7.85,-154.975,Light - Dusk,,,240,5398,,33.5729538685708,,
47622_BSH_F,47622,15-Jul-2019 09:00:00,-7.9,-155.1,SST,28.8,28.8737497329712,0,5307,,78.6401812050134,,
47622_BSH_F,47622,15-Jul-2019 12:00:00,-7.9,-155.15,None,,,,,,,,
47622_BSH_F,47622,15-Jul-2019 16:01:15,-8.025,-155.325,Light - Dawn,,,336,5594,,1.47937215574297,,
47622_BSH_F,47622,16-Jul-2019 00:00:00,-7.625,-155.1,None,,,,,,,16-Jul-2019 16:34:51,17-Jul-2019 04:18:12
47622_BSH_F,47622,16-Jul-2019 04:10:00,-7.5,-155.025,Light - Dusk,,,16,5315,,89.7735331774427,,
47622_BSH_F,47622,16-Jul-2019 11:00:00,-7.275,-154.925,SST,28.8,28.9412496884664,0,5410,,85.0283333994052,,
47622_BSH_F,47622,16-Jul-2019 12:00:00,-7.275,-154.925,None,,,,,,,,
47622_BSH_F,47622,16-Jul-2019 16:01:15,-7.25,-154.925,Light - Dawn,,,16,5262,,77.1250441835478,,
47622_BSH_F,47622,17-Jul-2019 00:00:00,-7.15,-154.925,None,,,,,,,17-Jul-2019 16:33:23,18-Jul-2019 04:18:25
47622_BSH_F,47622,17-Jul-2019 03:56:15,-7.075,-154.95,Light - Dusk,,,16,5262,,85.6887837713766,,
47622_BSH_F,47622,17-Jul-2019 12:00:00,-6.925,-154.975,None,,,,,,,,
47622_BSH_F,47622,17-Jul-2019 13:00:00,-6.925,-154.975,SST,28.8,28.7683328787486,0,5325,,82.4739629252384,,
47622_BSH_F,47622,17-Jul-2019 15:47:30,-6.95,-155,Light - Dawn,,,16,5325,,69.2675758200623,,
47622_BSH_F,47622,18-Jul-2019 00:00:00,-6.925,-155.075,None,,,,,,,18-Jul-2019 16:33:38,19-Jul-2019 04:19:32
47622_BSH_F,47622,18-Jul-2019 03:56:15,-6.925,-155.1,Light - Dusk,,,16,5208,,57.3353477389551,,
47622_BSH_F,47622,18-Jul-2019 12:00:00,-6.85,-155.175,None,,,,,,,,
47622_BSH_F,47622,18-Jul-2019 13:00:00,-6.85,-155.175,SST,28.8,28.8279155095418,0,5208,,82.7897582291826,,
47622_BSH_F,47622,18-Jul-2019 15:42:30,-6.85,-155.225,Light - Dawn,,,16,5208,,5.34900729195406,,
47622_BSH_F,47622,19-Jul-2019 00:00:00,-6.875,-155.425,None,,,,,,,19-Jul-2019 16:34:55,20-Jul-2019 04:21:11
47622_BSH_F,47622,19-Jul-2019 02:00:00,-6.875,-155.475,SST,29.4,28.922499815623,0,5238,,53.9771598509173,,
47622_BSH_F,47622,19-Jul-2019 03:00:00,-6.875,-155.5,User,,,,,,39.0233473089707,,
