"DateTime","Transmitter","Transmitter.Name","Transmitter.Serial","Sensor.Value.coa","Sensor.Unit","Latitude.coa","Longitude.coa"
"2012-03-18 03:00:00","A69-9002-15946","Tony",1126403,11.869,"m",-23.45487,151.92249
"2012-03-18 05:00:00","A69-9002-15946","Tony",1126403,10.85792,"m",-23.45487,151.92249
"2012-03-19 01:00:00","A69-9002-15946","Tony",1126403,6.53885,"m",-23.43958,151.89972
"2012-03-21 16:00:00","A69-9002-15946","Tony",1126403,11.4294,"m",-23.46501,151.93471
"2012-03-21 17:00:00","A69-9002-15946","Tony",1126403,9.08486666666667,"m",-23.45487,151.92249
"2012-03-22 01:00:00","A69-9002-15946","Tony",1126403,10.5502,"m",-23.43458,151.90315
"2012-03-22 02:00:00","A69-9002-15946","Tony",1126403,9.52446666666667,"m",-23.4338066666667,151.919086666667
"2012-03-22 16:00:00","A69-9002-15946","Tony",1126403,11.2096,"m",-23.43666,151.9807
"2012-03-22 17:00:00","A69-9002-15946","Tony",1126403,4.6156,"m",-23.43562,151.96806
"2012-03-22 18:00:00","A69-9002-15946","Tony",1126403,5.98935,"m",-23.43562,151.96806
"2012-03-22 19:00:00","A69-9002-15946","Tony",1126403,5.7146,"m",-23.43666,151.9807
"2012-03-22 21:00:00","A69-9002-15946","Tony",1126403,0.4394,"m",-23.43712,151.99969
"2012-03-22 23:00:00","A69-9002-15946","Tony",1126403,1.978,"m",-23.45055,151.98003
"2012-03-23 00:00:00","A69-9002-15946","Tony",1126403,13.0779,"m",-23.47238,151.97821
"2012-03-23 06:00:00","A69-9002-15946","Tony",1126403,2.609925,"m",-23.43712,151.99969
"2012-03-23 07:00:00","A69-9002-15946","Tony",1126403,8.93833333333333,"m",-23.43666,151.9807
"2012-03-23 10:00:00","A69-9002-15946","Tony",1126403,0.879,"m",-23.44721,151.93344
"2012-03-23 21:00:00","A69-9002-15946","Tony",1126403,7.473,"m",-23.44973,152.02306
"2012-03-23 22:00:00","A69-9002-15946","Tony",1126403,6.5938,"m",-23.45786,151.99879
"2012-03-24 01:00:00","A69-9002-15946","Tony",1126403,2.4176,"m",-23.44894,151.96809
"2012-03-24 06:00:00","A69-9002-15946","Tony",1126403,0.952266666666667,"m",-23.44894,151.96809
"2012-03-25 00:00:00","A69-9002-15946","Tony",1126403,9.671,"m",-23.44973,152.02306
"2012-03-25 01:00:00","A69-9002-15946","Tony",1126403,7.28983333333333,"m",-23.44973,152.02306
"2012-03-25 02:00:00","A69-9002-15946","Tony",1126403,8.4621,"m",-23.44973,152.02306
"2012-03-25 04:00:00","A69-9002-15946","Tony",1126403,5.09916,"m",-23.45786,151.99879
"2012-03-25 06:00:00","A69-9002-15946","Tony",1126403,1.978,"m",-23.44943,151.99947
"2012-03-25 07:00:00","A69-9002-15946","Tony",1126403,4.3958,"m",-23.43712,151.99969
"2012-03-25 08:00:00","A69-9002-15946","Tony",1126403,2.6374,"m",-23.43712,151.99969
"2012-03-25 19:00:00","A69-9002-15946","Tony",1126403,1.02553333333333,"m",-23.44342,151.94925
"2012-03-26 00:00:00","A69-9002-15946","Tony",1126403,7.41438666666667,"m",-23.43562,151.96806
"2012-03-26 04:00:00","A69-9002-15946","Tony",1126403,6.4839,"m",-23.43562,151.96806
"2012-03-26 06:00:00","A69-9002-15946","Tony",1126403,5.0552,"m",-23.43562,151.96806
"2012-03-26 07:00:00","A69-9002-15946","Tony",1126403,4.98193333333333,"m",-23.43562,151.96806
"2012-03-26 08:00:00","A69-9002-15946","Tony",1126403,4.8354,"m",-23.43562,151.96806
"2012-03-26 09:00:00","A69-9002-15946","Tony",1126403,2.4176,"m",-23.42828,151.95218
"2012-03-27 00:00:00","A69-9002-15946","Tony",1126403,7.63,"m",-23.43666,151.9807
"2012-03-27 01:00:00","A69-9002-15946","Tony",1126403,8.61596,"m",-23.42931,151.99995
"2012-03-27 08:00:00","A69-9002-15946","Tony",1126403,5.4948,"m",-23.43562,151.96806
"2012-03-27 09:00:00","A69-9002-15946","Tony",1126403,4.30788,"m",-23.435828,151.970588
"2012-03-27 13:00:00","A69-9002-15946","Tony",1126403,1.5384,"m",-23.44894,151.96809
"2012-03-27 16:00:00","A69-9002-15946","Tony",1126403,1.5384,"m",-23.45711,151.96498
"2012-03-27 23:00:00","A69-9002-15946","Tony",1126403,6.53885,"m",-23.43562,151.96806
"2012-03-28 00:00:00","A69-9002-15946","Tony",1126403,8.1324,"m",-23.4364,151.97754
"2012-03-28 01:00:00","A69-9002-15946","Tony",1126403,6.1542,"m",-23.43176,151.993533333333
"2012-03-28 02:00:00","A69-9002-15946","Tony",1126403,8.51705,"m",-23.42931,151.99995
"2012-03-28 05:00:00","A69-9002-15946","Tony",1126403,8.3522,"m",-23.42931,151.99995
"2012-03-28 06:00:00","A69-9002-15946","Tony",1126403,3.13195,"m",-23.43712,151.99969
"2012-03-28 15:00:00","A69-9002-15946","Tony",1126403,0.6592,"m",-23.45711,151.96498
"2012-03-28 23:00:00","A69-9002-15946","Tony",1126403,9.4512,"m",-23.43562,151.96806
"2012-03-29 00:00:00","A69-9002-15946","Tony",1126403,9.2314,"m",-23.43666,151.9807
"2012-03-29 01:00:00","A69-9002-15946","Tony",1126403,8.3522,"m",-23.42931,151.99995
"2012-03-29 10:00:00","A69-9002-15946","Tony",1126403,4.176,"m",-23.45786,151.99879
"2012-03-29 14:00:00","A69-9002-15946","Tony",1126403,12.3086,"m",-23.47238,151.97821
"2012-03-29 16:00:00","A69-9002-15946","Tony",1126403,4.176,"m",-23.44973,152.02306
"2012-03-29 19:00:00","A69-9002-15946","Tony",1126403,4.6156,"m",-23.41777,152.03047
"2012-03-29 21:00:00","A69-9002-15946","Tony",1126403,6.63776,"m",-23.41777,152.03047
"2012-03-29 22:00:00","A69-9002-15946","Tony",1126403,9.8908,"m",-23.41777,152.03047
"2012-03-30 02:00:00","A69-9002-15946","Tony",1126403,6.2641,"m",-23.43562,151.96806
"2012-03-30 03:00:00","A69-9002-15946","Tony",1126403,8.85590833333333,"m",-23.43666,151.9807
"2012-03-30 04:00:00","A69-9002-15946","Tony",1126403,7.90038888888889,"m",-23.43666,151.9807
"2012-03-30 05:00:00","A69-9002-15946","Tony",1126403,8.02982666666667,"m",-23.43666,151.9807
"2012-03-30 06:00:00","A69-9002-15946","Tony",1126403,2.4176,"m",-23.45055,151.98003
"2012-03-30 20:00:00","A69-9002-15946","Tony",1126403,1.68493333333333,"m",-23.44342,151.94925
"2012-03-31 05:00:00","A69-9002-15946","Tony",1126403,1.24533333333333,"m",-23.45711,151.96498
"2012-03-31 16:00:00","A69-9002-15946","Tony",1126403,0.4394,"m",-23.44353,151.92105
"2012-03-31 18:00:00","A69-9002-15946","Tony",1126403,1.0988,"m",-23.44342,151.94925
"2012-03-31 22:00:00","A69-9002-15946","Tony",1126403,3.077,"m",-23.43666,151.9807
"2012-04-01 06:00:00","A69-9002-15946","Tony",1126403,1.8681,"m",-23.45711,151.96498
"2012-04-01 21:00:00","A69-9002-15946","Tony",1126403,6.6566,"m",-23.43666,151.9807
"2012-04-02 12:00:00","A69-9002-15946","Tony",1126403,0.5964,"m",-23.45055,151.98003
"2012-04-02 15:00:00","A69-9002-15946","Tony",1126403,0.6592,"m",-23.45055,151.98003
"2012-04-02 18:00:00","A69-9002-15946","Tony",1126403,1.5384,"m",-23.45711,151.96498
"2012-04-02 19:00:00","A69-9002-15946","Tony",1126403,1.18672,"m",-23.45711,151.96498
"2012-04-02 20:00:00","A69-9002-15946","Tony",1126403,0.6592,"m",-23.44894,151.96809
"2012-04-02 22:00:00","A69-9002-15946","Tony",1126403,5.43985,"m",-23.43712,151.99969
"2012-04-03 02:00:00","A69-9002-15946","Tony",1126403,7.0334,"m",-23.43712,151.99969
"2012-04-03 03:00:00","A69-9002-15946","Tony",1126403,7.0334,"m",-23.43712,151.99969
"2012-04-03 04:00:00","A69-9002-15946","Tony",1126403,4.56564545454545,"m",-23.43712,151.99969
"2012-04-03 05:00:00","A69-9002-15946","Tony",1126403,5.50772941176471,"m",-23.43712,151.99969
"2012-04-03 08:00:00","A69-9002-15946","Tony",1126403,1.2087,"m",-23.44721,151.93344
"2012-04-03 09:00:00","A69-9002-15946","Tony",1126403,12.5284,"m",-23.43433,151.94185
"2012-04-03 10:00:00","A69-9002-15946","Tony",1126403,0.5493,"m",-23.44342,151.94925
"2012-04-03 14:00:00","A69-9002-15946","Tony",1126403,3.4067,"m",-23.43712,151.99969
"2012-04-04 14:00:00","A69-9002-15946","Tony",1126403,0.5493,"m",-23.45711,151.96498
"2012-04-04 22:00:00","A69-9002-15946","Tony",1126403,10.8799,"m",-23.47238,151.97821
"2012-04-05 00:00:00","A69-9002-15946","Tony",1126403,8.2894,"m",-23.44973,152.02306
"2012-04-05 05:00:00","A69-9002-15946","Tony",1126403,4.8354,"m",-23.43562,151.96806
"2012-04-05 06:00:00","A69-9002-15946","Tony",1126403,6.9235,"m",-23.43666,151.9807
"2012-04-05 15:00:00","A69-9002-15946","Tony",1126403,0.4394,"m",-23.45711,151.96498
"2012-04-05 17:00:00","A69-9002-15946","Tony",1126403,0.4394,"m",-23.45055,151.98003
"2012-04-05 21:00:00","A69-9002-15946","Tony",1126403,1.7582,"m",-23.44721,151.93344
"2012-04-05 23:00:00","A69-9002-15946","Tony",1126403,1.978,"m",-23.45711,151.96498
"2012-04-06 02:00:00","A69-9002-15946","Tony",1126403,2.1978,"m",-23.45055,151.98003
"2012-04-06 12:00:00","A69-9002-15946","Tony",1126403,8.6819,"m",-23.43666,151.9807
"2012-04-06 15:00:00","A69-9002-15946","Tony",1126403,9.27536,"m",-23.41777,152.03047
"2012-04-06 16:00:00","A69-9002-15946","Tony",1126403,0.879,"m",-23.41777,152.03047
"2012-04-06 20:00:00","A69-9002-15946","Tony",1126403,1.5384,"m",-23.45055,151.98003
"2012-04-07 00:00:00","A69-9002-15946","Tony",1126403,12.1620666666667,"m",-23.47087,151.98452
"2012-04-07 01:00:00","A69-9002-15946","Tony",1126403,6.22746666666667,"m",-23.45786,151.99879
"2012-04-07 03:00:00","A69-9002-15946","Tony",1126403,4.46906666666667,"m",-23.43712,151.99969
"2012-04-07 04:00:00","A69-9002-15946","Tony",1126403,5.84892222222222,"m",-23.4349505555556,151.999762222222
"2012-04-07 05:00:00","A69-9002-15946","Tony",1126403,5.64133333333333,"m",-23.43562,151.96806
"2012-04-07 06:00:00","A69-9002-15946","Tony",1126403,3.34752307692308,"m",-23.43562,151.96806
"2012-04-07 07:00:00","A69-9002-15946","Tony",1126403,4.8354,"m",-23.43562,151.96806
"2012-04-07 19:00:00","A69-9002-15946","Tony",1126403,3.66313333333333,"m",-23.43562,151.96806
"2012-04-07 23:00:00","A69-9002-15946","Tony",1126403,13.4808666666667,"m",-23.47238,151.97821
"2012-04-08 03:00:00","A69-9002-15946","Tony",1126403,5.275,"m",-23.43712,151.99969
"2012-04-08 04:00:00","A69-9002-15946","Tony",1126403,4.0818,"m",-23.43712,151.99969
"2012-04-08 05:00:00","A69-9002-15946","Tony",1126403,4.8354,"m",-23.44943,151.99947
"2012-04-08 06:00:00","A69-9002-15946","Tony",1126403,3.077,"m",-23.45224,151.999243333333
"2012-04-09 05:00:00","A69-9002-15946","Tony",1126403,5.22005,"m",-23.45786,151.99879
"2012-04-09 06:00:00","A69-9002-15946","Tony",1126403,5.7146,"m",-23.45786,151.99879
"2012-04-09 09:00:00","A69-9002-15946","Tony",1126403,16.4848,"m",-23.47367,151.96519
"2012-04-09 11:00:00","A69-9002-15946","Tony",1126403,2.0879,"m",-23.44721,151.93344
"2012-04-09 12:00:00","A69-9002-15946","Tony",1126403,1.92305,"m",-23.44721,151.93344
"2012-04-12 11:00:00","A69-9002-15946","Tony",1126403,1.46513333333333,"m",-23.45055,151.98003
"2012-04-13 19:00:00","A69-9002-15946","Tony",1126403,0.5493,"m",-23.44894,151.96809
"2012-04-13 21:00:00","A69-9002-15946","Tony",1126403,4.69552727272727,"m",-23.43562,151.96806
"2012-04-13 22:00:00","A69-9002-15946","Tony",1126403,5.9344,"m",-23.4363133333333,151.976486666667
"2012-04-13 23:00:00","A69-9002-15946","Tony",1126403,5.9344,"m",-23.43666,151.9807
"2012-04-14 00:00:00","A69-9002-15946","Tony",1126403,8.07745,"m",-23.42931,151.99995
"2012-04-14 01:00:00","A69-9002-15946","Tony",1126403,5.56806666666667,"m",-23.43712,151.99969
"2012-04-14 02:00:00","A69-9002-15946","Tony",1126403,5.00025,"m",-23.43712,151.99969
"2012-04-14 03:00:00","A69-9002-15946","Tony",1126403,2.6374,"m",-23.45055,151.98003
"2012-04-15 03:00:00","A69-9002-15946","Tony",1126403,1.978,"m",-23.44342,151.94925
"2012-04-15 12:00:00","A69-9002-15946","Tony",1126403,0.48336,"m",-23.45711,151.96498
"2012-04-15 13:00:00","A69-9002-15946","Tony",1126403,1.3186,"m",-23.449745,151.97406
"2012-04-15 16:00:00","A69-9002-15946","Tony",1126403,0.4394,"m",-23.45711,151.96498
"2012-04-16 05:00:00","A69-9002-15946","Tony",1126403,1.4285,"m",-23.44894,151.96809
"2012-04-16 20:00:00","A69-9002-15946","Tony",1126403,1.3186,"m",-23.44721,151.93344
"2012-04-17 21:00:00","A69-9002-15946","Tony",1126403,1.0988,"m",-23.45711,151.96498
"2012-04-18 15:00:00","A69-9002-15946","Tony",1126403,16.7046,"m",-23.46936,151.99083
"2012-04-19 06:00:00","A69-9002-15946","Tony",1126403,7.0334,"m",-23.44973,152.02306
"2012-04-19 16:00:00","A69-9002-15946","Tony",1126403,0.92296,"m",-23.45055,151.98003
"2012-04-19 20:00:00","A69-9002-15946","Tony",1126403,0.879,"m",-23.4459833333333,151.92931
"2012-04-19 22:00:00","A69-9002-15946","Tony",1126403,1.6483,"m",-23.45711,151.96498
"2012-04-20 16:00:00","A69-9002-15946","Tony",1126403,3.8463,"m",-23.47091,151.94704
"2012-04-20 17:00:00","A69-9002-15946","Tony",1126403,10.3304,"m",-23.45487,151.92249
"2012-04-21 12:00:00","A69-9002-15946","Tony",1126403,10.5502,"m",-23.44754,151.91231
"2012-04-21 14:00:00","A69-9002-15946","Tony",1126403,14.2868,"m",-23.46501,151.93471
"2012-04-23 05:00:00","A69-9002-15946","Tony",1126403,6.5938,"m",-23.47091,151.94704
"2012-04-23 06:00:00","A69-9002-15946","Tony",1126403,6.8136,"m",-23.47091,151.94704
"2012-04-23 13:00:00","A69-9002-15946","Tony",1126403,0.6592,"m",-23.44721,151.93344
"2012-04-23 14:00:00","A69-9002-15946","Tony",1126403,2.7473,"m",-23.44077,151.937645
"2012-04-23 21:00:00","A69-9002-15946","Tony",1126403,9.3413,"m",-23.43433,151.94185
"2012-04-24 01:00:00","A69-9002-15946","Tony",1126403,2.6374,"m",-23.45055,151.98003
"2012-04-24 02:00:00","A69-9002-15946","Tony",1126403,2.23077,"m",-23.45055,151.98003
"2012-04-24 03:00:00","A69-9002-15946","Tony",1126403,1.978,"m",-23.45055,151.98003
"2012-04-24 05:00:00","A69-9002-15946","Tony",1126403,1.0988,"m",-23.44894,151.96809
"2012-04-24 06:00:00","A69-9002-15946","Tony",1126403,0.70316,"m",-23.45711,151.96498
"2012-04-29 13:00:00","A69-9002-15946","Tony",1126403,4.8354,"m",-23.45487,151.92249
"2012-04-29 14:00:00","A69-9002-15946","Tony",1126403,19.6719,"m",-23.44754,151.91231
"2012-04-29 18:00:00","A69-9002-15946","Tony",1126403,0.6592,"m",-23.44894,151.96809
"2012-04-29 19:00:00","A69-9002-15946","Tony",1126403,1.3186,"m",-23.45055,151.98003
"2012-04-29 20:00:00","A69-9002-15946","Tony",1126403,0.5493,"m",-23.45711,151.96498
"2012-04-30 12:00:00","A69-9002-15946","Tony",1126403,1.2087,"m",-23.45055,151.98003
"2012-04-30 14:00:00","A69-9002-15946","Tony",1126403,0.879,"m",-23.45711,151.96498
"2012-04-30 19:00:00","A69-9002-15946","Tony",1126403,1.7582,"m",-23.45711,151.96498
"2012-04-30 20:00:00","A69-9002-15946","Tony",1126403,2.1978,"m",-23.45055,151.98003
"2012-05-01 07:00:00","A69-9002-15946","Tony",1126403,1.0988,"m",-23.44721,151.93344
"2012-05-01 13:00:00","A69-9002-15946","Tony",1126403,0.4394,"m",-23.45711,151.96498
"2012-05-01 18:00:00","A69-9002-15946","Tony",1126403,9.4512,"m",-23.44754,151.91231
"2012-05-02 03:00:00","A69-9002-15946","Tony",1126403,8.572,"m",-23.47091,151.94704
"2012-05-02 04:00:00","A69-9002-15946","Tony",1126403,7.61953333333333,"m",-23.47091,151.94704
"2012-05-02 19:00:00","A69-9002-15946","Tony",1126403,0.6592,"m",-23.44342,151.94925
"2012-05-02 23:00:00","A69-9002-15946","Tony",1126403,8.66968888888889,"m",-23.43666,151.9807
"2012-05-03 03:00:00","A69-9002-15946","Tony",1126403,7.34112,"m",-23.43666,151.9807
"2012-05-03 04:00:00","A69-9002-15946","Tony",1126403,6.27409090909091,"m",-23.43562,151.96806
"2012-05-03 05:00:00","A69-9002-15946","Tony",1126403,5.75856,"m",-23.43562,151.96806
"2012-05-03 20:00:00","A69-9002-15946","Tony",1126403,1.0988,"m",-23.44721,151.93344
"2012-05-03 21:00:00","A69-9002-15946","Tony",1126403,12.8581,"m",-23.43433,151.94185
"2012-05-03 22:00:00","A69-9002-15946","Tony",1126403,11.4294,"m",-23.42828,151.95218
"2012-05-04 03:00:00","A69-9002-15946","Tony",1126403,5.6047,"m",-23.43562,151.96806
"2012-05-04 04:00:00","A69-9002-15946","Tony",1126403,8.03095384615385,"m",-23.43666,151.9807
"2012-05-04 05:00:00","A69-9002-15946","Tony",1126403,5.32995,"m",-23.43666,151.9807
"2012-05-05 04:00:00","A69-9002-15946","Tony",1126403,17.1442,"m",-23.46936,151.99083
"2012-05-05 05:00:00","A69-9002-15946","Tony",1126403,17.8036,"m",-23.47238,151.97821
"2012-05-05 06:00:00","A69-9002-15946","Tony",1126403,6.31905,"m",-23.47091,151.94704
"2012-05-07 18:00:00","A69-9002-15946","Tony",1126403,3.077,"m",-23.50612,152.04056
"2012-05-07 21:00:00","A69-9002-15946","Tony",1126403,9.0116,"m",-23.46936,151.99083
"2012-05-08 07:00:00","A69-9002-15946","Tony",1126403,3.37006666666667,"m",-23.43712,151.99969
"2012-05-08 11:00:00","A69-9002-15946","Tony",1126403,1.0988,"m",-23.44721,151.93344
"2012-05-08 12:00:00","A69-9002-15946","Tony",1126403,1.3186,"m",-23.44721,151.93344
"2012-05-08 14:00:00","A69-9002-15946","Tony",1126403,6.8136,"m",-23.43562,151.96806
"2012-05-08 19:00:00","A69-9002-15946","Tony",1126403,1.80892307692308,"m",-23.43712,151.99969
"2012-05-08 20:00:00","A69-9002-15946","Tony",1126403,1.84612,"m",-23.452802,151.999198
"2012-05-09 06:00:00","A69-9002-15946","Tony",1126403,0.4394,"m",-23.44943,151.99947
"2012-05-09 07:00:00","A69-9002-15946","Tony",1126403,0.9104,"m",-23.43712,151.99969
"2012-05-09 08:00:00","A69-9002-15946","Tony",1126403,6.09925,"m",-23.43666,151.9807
"2012-05-09 09:00:00","A69-9002-15946","Tony",1126403,4.55565454545455,"m",-23.43562,151.96806
"2012-05-09 16:00:00","A69-9002-15946","Tony",1126403,10.1106,"m",-23.47367,151.96519
"2012-05-09 17:00:00","A69-9002-15946","Tony",1126403,9.59773333333333,"m",-23.4713733333333,151.982416666667
"2012-05-09 18:00:00","A69-9002-15946","Tony",1126403,5.275,"m",-23.45786,151.99879
"2012-05-09 22:00:00","A69-9002-15946","Tony",1126403,6.4839,"m",-23.44973,152.02306
"2012-05-09 23:00:00","A69-9002-15946","Tony",1126403,8.17636,"m",-23.44973,152.02306
"2012-05-10 00:00:00","A69-9002-15946","Tony",1126403,8.31223636363636,"m",-23.44973,152.02306
"2012-05-10 05:00:00","A69-9002-15946","Tony",1126403,3.66313333333333,"m",-23.4364691666667,151.999711666667
"2012-05-10 06:00:00","A69-9002-15946","Tony",1126403,5.3849,"m",-23.43666,151.9807
"2012-05-10 07:00:00","A69-9002-15946","Tony",1126403,0.4394,"m",-23.43666,151.9807
"2012-05-10 12:00:00","A69-9002-15946","Tony",1126403,0.6592,"m",-23.44342,151.94925
"2012-05-10 19:00:00","A69-9002-15946","Tony",1126403,3.9876,"m",-23.43562,151.96806
"2012-05-10 20:00:00","A69-9002-15946","Tony",1126403,5.47037777777778,"m",-23.43666,151.9807
"2012-05-10 21:00:00","A69-9002-15946","Tony",1126403,6.78774117647059,"m",-23.43666,151.9807
"2012-05-10 22:00:00","A69-9002-15946","Tony",1126403,7.473,"m",-23.43562,151.96806
"2012-05-10 23:00:00","A69-9002-15946","Tony",1126403,4.8354,"m",-23.43562,151.96806
"2012-05-11 00:00:00","A69-9002-15946","Tony",1126403,7.27518,"m",-23.43562,151.96806
"2012-05-11 01:00:00","A69-9002-15946","Tony",1126403,6.65974,"m",-23.43562,151.96806
"2012-05-11 02:00:00","A69-9002-15946","Tony",1126403,7.6928,"m",-23.43562,151.96806
"2012-05-11 03:00:00","A69-9002-15946","Tony",1126403,5.83295384615385,"m",-23.43562,151.96806
"2012-05-11 04:00:00","A69-9002-15946","Tony",1126403,6.374,"m",-23.43562,151.96806
"2012-05-11 05:00:00","A69-9002-15946","Tony",1126403,4.3958,"m",-23.43666,151.9807
"2012-05-11 06:00:00","A69-9002-15946","Tony",1126403,4.24926666666667,"m",-23.43562,151.96806
"2012-05-11 09:00:00","A69-9002-15946","Tony",1126403,7.2532,"m",-23.43562,151.96806
"2012-05-11 12:00:00","A69-9002-15946","Tony",1126403,0.5493,"m",-23.44342,151.94925
"2012-05-11 16:00:00","A69-9002-15946","Tony",1126403,1.5384,"m",-23.45711,151.96498
"2012-05-11 17:00:00","A69-9002-15946","Tony",1126403,1.61166666666667,"m",-23.4445,151.96808
"2012-05-11 19:00:00","A69-9002-15946","Tony",1126403,4.3958,"m",-23.43562,151.96806
"2012-05-11 20:00:00","A69-9002-15946","Tony",1126403,3.31370769230769,"m",-23.43666,151.9807
"2012-05-11 21:00:00","A69-9002-15946","Tony",1126403,1.5384,"m",-23.43666,151.9807
"2012-05-11 22:00:00","A69-9002-15946","Tony",1126403,7.0334,"m",-23.42931,151.99995
"2012-05-11 23:00:00","A69-9002-15946","Tony",1126403,7.61953333333333,"m",-23.43712,151.99969
"2012-05-12 02:00:00","A69-9002-15946","Tony",1126403,6.1856,"m",-23.43712,151.99969
"2012-05-12 03:00:00","A69-9002-15946","Tony",1126403,4.32253333333333,"m",-23.43712,151.99969
"2012-05-12 05:00:00","A69-9002-15946","Tony",1126403,1.5384,"m",-23.45711,151.96498
"2012-05-12 11:00:00","A69-9002-15946","Tony",1126403,0.4394,"m",-23.45711,151.96498
"2012-05-12 12:00:00","A69-9002-15946","Tony",1126403,1.02553333333333,"m",-23.45711,151.96498
"2012-05-12 16:00:00","A69-9002-15946","Tony",1126403,12.3086,"m",-23.45487,151.92249
"2012-05-14 00:00:00","A69-9002-15946","Tony",1126403,21.76,"m",-23.44754,151.91231
"2012-05-14 01:00:00","A69-9002-15946","Tony",1126403,23.5184,"m",-23.44754,151.91231
"2012-05-14 02:00:00","A69-9002-15946","Tony",1126403,20.661,"m",-23.44754,151.91231
"2012-05-14 05:00:00","A69-9002-15946","Tony",1126403,0.92296,"m",-23.44721,151.93344
"2012-05-14 10:00:00","A69-9002-15946","Tony",1126403,0.6592,"m",-23.45055,151.98003
"2012-05-14 11:00:00","A69-9002-15946","Tony",1126403,0.512666666666667,"m",-23.44894,151.96809
"2012-05-14 12:00:00","A69-9002-15946","Tony",1126403,0.4394,"m",-23.45711,151.96498
"2012-05-14 21:00:00","A69-9002-15946","Tony",1126403,1.17206666666667,"m",-23.4446833333333,151.94398
"2012-05-15 02:00:00","A69-9002-15946","Tony",1126403,1.6483,"m",-23.44894,151.96809
"2012-05-15 03:00:00","A69-9002-15946","Tony",1126403,2.3077,"m",-23.45055,151.98003
"2012-05-15 04:00:00","A69-9002-15946","Tony",1126403,2.8572,"m",-23.45055,151.98003
"2012-05-16 19:00:00","A69-9002-15946","Tony",1126403,0.4394,"m",-23.45055,151.98003
"2012-05-16 21:00:00","A69-9002-15946","Tony",1126403,13.4076,"m",-23.45487,151.92249
"2012-05-17 04:00:00","A69-9002-15946","Tony",1126403,24.1778,"m",-23.44754,151.91231
"2012-05-17 05:00:00","A69-9002-15946","Tony",1126403,15.00115,"m",-23.44754,151.91231
"2012-05-17 07:00:00","A69-9002-15946","Tony",1126403,0.879,"m",-23.44721,151.93344
"2012-05-17 21:00:00","A69-9002-15946","Tony",1126403,2.12453333333333,"m",-23.43712,151.99969
"2012-05-18 10:00:00","A69-9002-15946","Tony",1126403,1.8681,"m",-23.44721,151.93344
"2012-05-18 23:00:00","A69-9002-15946","Tony",1126403,11.2724,"m",-23.43433,151.94185
"2012-05-19 00:00:00","A69-9002-15946","Tony",1126403,10.77,"m",-23.43433,151.94185
"2012-05-19 01:00:00","A69-9002-15946","Tony",1126403,9.93476,"m",-23.43433,151.94185
"2012-05-19 03:00:00","A69-9002-15946","Tony",1126403,7.1433,"m",-23.43562,151.96806
"2012-05-19 04:00:00","A69-9002-15946","Tony",1126403,6.68172,"m",-23.43562,151.96806
"2012-05-19 09:00:00","A69-9002-15946","Tony",1126403,1.5384,"m",-23.44721,151.93344
"2012-05-19 20:00:00","A69-9002-15946","Tony",1126403,0.879,"m",-23.44721,151.93344
"2012-05-19 23:00:00","A69-9002-15946","Tony",1126403,11.869,"m",-23.45487,151.92249
"2012-05-20 02:00:00","A69-9002-15946","Tony",1126403,13.36364,"m",-23.44754,151.91231
"2012-05-20 03:00:00","A69-9002-15946","Tony",1126403,11.7591,"m",-23.45487,151.92249
"2012-05-20 04:00:00","A69-9002-15946","Tony",1126403,11.7224666666667,"m",-23.45487,151.92249
"2012-05-20 05:00:00","A69-9002-15946","Tony",1126403,8.819275,"m",-23.45487,151.92249
"2012-05-20 06:00:00","A69-9002-15946","Tony",1126403,11.5393,"m",-23.45487,151.92249
"2012-05-21 02:00:00","A69-9002-15946","Tony",1126403,18.1333,"m",-23.44754,151.91231
"2012-05-21 03:00:00","A69-9002-15946","Tony",1126403,13.4076,"m",-23.45487,151.92249
"2012-05-21 05:00:00","A69-9002-15946","Tony",1126403,13.1878,"m",-23.45487,151.92249
"2012-05-21 07:00:00","A69-9002-15946","Tony",1126403,9.93476,"m",-23.453404,151.920454
"2012-05-21 14:00:00","A69-9002-15946","Tony",1126403,7.3631,"m",-23.45487,151.92249
"2012-05-21 23:00:00","A69-9002-15946","Tony",1126403,21.8798909090909,"m",-23.44754,151.91231
"2012-05-22 00:00:00","A69-9002-15946","Tony",1126403,11.82504,"m",-23.45487,151.92249
"2012-05-22 01:00:00","A69-9002-15946","Tony",1126403,14.6165,"m",-23.46501,151.93471
"2012-05-22 02:00:00","A69-9002-15946","Tony",1126403,12.6016666666667,"m",-23.45487,151.92249
"2012-05-22 03:00:00","A69-9002-15946","Tony",1126403,14.1769,"m",-23.44754,151.91231
"2012-05-22 04:00:00","A69-9002-15946","Tony",1126403,9.96406666666667,"m",-23.45487,151.92249
"2012-05-22 05:00:00","A69-9002-15946","Tony",1126403,12.0888,"m",-23.45487,151.92249
"2012-05-22 06:00:00","A69-9002-15946","Tony",1126403,12.8581,"m",-23.45487,151.92249
"2012-05-22 07:00:00","A69-9002-15946","Tony",1126403,13.13285,"m",-23.45487,151.92249
"2012-05-22 08:00:00","A69-9002-15946","Tony",1126403,4.7255,"m",-23.45487,151.92249
"2012-05-22 15:00:00","A69-9002-15946","Tony",1126403,0.4394,"m",-23.45055,151.98003
"2012-05-22 17:00:00","A69-9002-15946","Tony",1126403,0.6592,"m",-23.44342,151.94925
"2012-05-22 23:00:00","A69-9002-15946","Tony",1126403,1.0988,"m",-23.45711,151.96498
"2012-05-23 00:00:00","A69-9002-15946","Tony",1126403,16.1551,"m",-23.473455,151.96736
"2012-05-23 01:00:00","A69-9002-15946","Tony",1126403,10.5502,"m",-23.46936,151.99083
"2012-05-23 08:00:00","A69-9002-15946","Tony",1126403,10.2205,"m",-23.46936,151.99083
"2012-05-23 12:00:00","A69-9002-15946","Tony",1126403,0.9889,"m",-23.44721,151.93344
"2012-05-23 13:00:00","A69-9002-15946","Tony",1126403,12.0888,"m",-23.45487,151.92249
"2012-05-23 15:00:00","A69-9002-15946","Tony",1126403,13.6274,"m",-23.47091,151.94704
"2012-05-24 15:00:00","A69-9002-15946","Tony",1126403,4.176,"m",-23.46501,151.93471
"2012-05-25 08:00:00","A69-9002-15946","Tony",1126403,16.0452,"m",-23.46501,151.93471
"2012-06-09 09:00:00","A69-9002-15946","Tony",1126403,11.0264333333333,"m",-23.4487616666667,151.914006666667
"2012-06-09 10:00:00","A69-9002-15946","Tony",1126403,14.1769,"m",-23.44754,151.91231
"2012-06-09 11:00:00","A69-9002-15946","Tony",1126403,24.1778,"m",-23.44754,151.91231
"2012-06-13 22:00:00","A69-9002-15946","Tony",1126403,23.1887,"m",-23.44754,151.91231
"2012-06-14 00:00:00","A69-9002-15946","Tony",1126403,12.7482,"m",-23.45487,151.92249
"2012-06-14 02:00:00","A69-9002-15946","Tony",1126403,12.6016666666667,"m",-23.45487,151.92249
"2012-06-14 04:00:00","A69-9002-15946","Tony",1126403,13.9204666666667,"m",-23.45487,151.92249
"2012-06-14 05:00:00","A69-9002-15946","Tony",1126403,15.6056,"m",-23.44754,151.91231
"2012-06-23 23:00:00","A69-9002-15946","Tony",1126403,15.3858,"m",-23.44754,151.91231
"2012-06-24 00:00:00","A69-9002-15946","Tony",1126403,16.512275,"m",-23.44754,151.91231
"2012-06-24 01:00:00","A69-9002-15946","Tony",1126403,12.6226,"m",-23.45487,151.92249
"2012-06-24 02:00:00","A69-9002-15946","Tony",1126403,10.71505,"m",-23.45487,151.92249
"2012-06-24 03:00:00","A69-9002-15946","Tony",1126403,10.5502,"m",-23.45487,151.92249
"2012-06-24 04:00:00","A69-9002-15946","Tony",1126403,9.4512,"m",-23.45487,151.92249
"2012-06-24 05:00:00","A69-9002-15946","Tony",1126403,11.9422666666667,"m",-23.45487,151.92249
"2012-06-24 09:00:00","A69-9002-15946","Tony",1126403,12.4484727272727,"m",-23.46501,151.93471
"2012-06-24 10:00:00","A69-9002-15946","Tony",1126403,14.7264,"m",-23.47091,151.94704
"2012-06-24 12:00:00","A69-9002-15946","Tony",1126403,13.5175,"m",-23.47324,151.96953
"2012-06-24 13:00:00","A69-9002-15946","Tony",1126403,4.3958,"m",-23.46936,151.99083
"2012-06-25 02:00:00","A69-9002-15946","Tony",1126403,8.22032,"m",-23.44973,152.02306
"2012-06-25 19:00:00","A69-9002-15946","Tony",1126403,1.83146666666667,"m",-23.43712,151.99969
"2012-06-25 20:00:00","A69-9002-15946","Tony",1126403,1.3186,"m",-23.44943,151.99947
"2012-06-26 09:00:00","A69-9002-15946","Tony",1126403,4.6156,"m",-23.44973,152.02306
"2012-06-26 10:00:00","A69-9002-15946","Tony",1126403,8.93833333333333,"m",-23.41777,152.03047
"2012-06-26 11:00:00","A69-9002-15946","Tony",1126403,14.2868,"m",-23.41777,152.03047
"2012-06-26 18:00:00","A69-9002-15946","Tony",1126403,7.115825,"m",-23.43666,151.9807
"2012-06-26 19:00:00","A69-9002-15946","Tony",1126403,2.606,"m",-23.43712,151.99969
"2012-06-26 22:00:00","A69-9002-15946","Tony",1126403,8.82843333333333,"m",-23.44973,152.02306
"2012-06-27 08:00:00","A69-9002-15946","Tony",1126403,2.005475,"m",-23.43712,151.99969
"2012-06-27 11:00:00","A69-9002-15946","Tony",1126403,3.80966666666667,"m",-23.43562,151.96806
"2012-06-27 13:00:00","A69-9002-15946","Tony",1126403,9.37793333333333,"m",-23.43433,151.94185
"2012-06-27 14:00:00","A69-9002-15946","Tony",1126403,20.2214,"m",-23.43282,151.92682
"2012-06-27 15:00:00","A69-9002-15946","Tony",1126403,13.1878,"m",-23.43458,151.90315
"2012-06-28 04:00:00","A69-9002-15946","Tony",1126403,12.6749333333333,"m",-23.45487,151.92249
"2012-06-28 05:00:00","A69-9002-15946","Tony",1126403,12.0888,"m",-23.45487,151.92249
"2012-06-30 20:00:00","A69-9002-15946","Tony",1126403,11.6492,"m",-23.4499833333333,151.915703333333
"2012-06-30 21:00:00","A69-9002-15946","Tony",1126403,1.1302,"m",-23.4466685714286,151.935698571429
"2012-06-30 22:00:00","A69-9002-15946","Tony",1126403,1.50176666666667,"m",-23.44342,151.94925
"2012-06-30 23:00:00","A69-9002-15946","Tony",1126403,1.58236,"m",-23.44342,151.94925
"2012-07-01 00:00:00","A69-9002-15946","Tony",1126403,1.7896,"m",-23.44342,151.94925
"2012-07-01 05:00:00","A69-9002-15946","Tony",1126403,2.4176,"m",-23.44342,151.94925
"2012-07-01 10:00:00","A69-9002-15946","Tony",1126403,7.6928,"m",-23.44973,152.02306
"2012-07-01 13:00:00","A69-9002-15946","Tony",1126403,8.49873333333333,"m",-23.41777,152.03047
"2012-07-01 14:00:00","A69-9002-15946","Tony",1126403,3.077,"m",-23.41777,152.03047
"2012-07-01 15:00:00","A69-9002-15946","Tony",1126403,5.7146,"m",-23.42931,151.99995
"2012-07-01 21:00:00","A69-9002-15946","Tony",1126403,17.1442,"m",-23.41777,152.03047
"2012-07-04 10:00:00","A69-9002-15946","Tony",1126403,1.5384,"m",-23.44894,151.96809
"2012-07-04 12:00:00","A69-9002-15946","Tony",1126403,0.842366666666667,"m",-23.43712,151.99969
"2012-07-04 18:00:00","A69-9002-15946","Tony",1126403,0.7691,"m",-23.43712,151.99969
"2012-07-04 21:00:00","A69-9002-15946","Tony",1126403,9.8908,"m",-23.44973,152.02306
"2012-07-04 22:00:00","A69-9002-15946","Tony",1126403,9.671,"m",-23.44973,152.02306
"2012-07-04 23:00:00","A69-9002-15946","Tony",1126403,6.374,"m",-23.44973,152.02306
"2012-07-05 05:00:00","A69-9002-15946","Tony",1126403,6.9392,"m",-23.44973,152.02306
"2012-07-05 06:00:00","A69-9002-15946","Tony",1126403,3.9562,"m",-23.44973,152.02306
"2012-07-05 07:00:00","A69-9002-15946","Tony",1126403,1.02553333333333,"m",-23.43712,151.99969
"2012-07-05 08:00:00","A69-9002-15946","Tony",1126403,0.879,"m",-23.43712,151.99969
"2012-07-05 17:00:00","A69-9002-15946","Tony",1126403,8.572,"m",-23.42931,151.99995
"2012-07-05 18:00:00","A69-9002-15946","Tony",1126403,3.5166,"m",-23.43712,151.99969
"2012-07-06 03:00:00","A69-9002-15946","Tony",1126403,6.76964,"m",-23.44973,152.02306
"2012-07-06 04:00:00","A69-9002-15946","Tony",1126403,6.374,"m",-23.44973,152.02306
"2012-07-06 05:00:00","A69-9002-15946","Tony",1126403,7.2532,"m",-23.44973,152.02306
"2012-07-06 06:00:00","A69-9002-15946","Tony",1126403,6.0443,"m",-23.44973,152.02306
"2012-07-06 07:00:00","A69-9002-15946","Tony",1126403,1.8681,"m",-23.43712,151.99969
"2012-07-06 08:00:00","A69-9002-15946","Tony",1126403,3.391,"m",-23.43712,151.99969
"2012-07-06 15:00:00","A69-9002-15946","Tony",1126403,2.9671,"m",-23.4872,152.06139
"2012-07-06 16:00:00","A69-9002-15946","Tony",1126403,9.48050666666667,"m",-23.48244,152.07132
"2012-07-06 19:00:00","A69-9002-15946","Tony",1126403,8.3522,"m",-23.45718,152.03804
"2012-07-06 20:00:00","A69-9002-15946","Tony",1126403,4.6156,"m",-23.44943,151.99947
"2012-07-06 23:00:00","A69-9002-15946","Tony",1126403,9.81753333333333,"m",-23.44973,152.02306
"2012-07-07 02:00:00","A69-9002-15946","Tony",1126403,6.8136,"m",-23.45786,151.99879
"2012-07-07 05:00:00","A69-9002-15946","Tony",1126403,5.86113333333333,"m",-23.45786,151.99879
"2012-07-07 06:00:00","A69-9002-15946","Tony",1126403,3.11081538461538,"m",-23.4353176923077,151.99975
"2012-07-07 07:00:00","A69-9002-15946","Tony",1126403,1.3186,"m",-23.43712,151.99969
"2012-07-07 14:00:00","A69-9002-15946","Tony",1126403,3.7364,"m",-23.43712,151.99969
"2012-07-07 16:00:00","A69-9002-15946","Tony",1126403,5.14312,"m",-23.43562,151.96806
"2012-07-07 17:00:00","A69-9002-15946","Tony",1126403,3.55323333333333,"m",-23.43562,151.96806
"2012-07-07 18:00:00","A69-9002-15946","Tony",1126403,2.8572,"m",-23.43666,151.9807
"2012-07-07 19:00:00","A69-9002-15946","Tony",1126403,7.473,"m",-23.42931,151.99995
"2012-07-08 04:00:00","A69-9002-15946","Tony",1126403,9.671,"m",-23.42931,151.99995
"2012-07-08 05:00:00","A69-9002-15946","Tony",1126403,5.90997777777778,"m",-23.4327811111111,151.999834444444
"2012-07-08 16:00:00","A69-9002-15946","Tony",1126403,0.732466666666667,"m",-23.44721,151.93344
"2012-07-10 21:00:00","A69-9002-15946","Tony",1126403,11.9789,"m",-23.45487,151.92249
"2012-07-10 22:00:00","A69-9002-15946","Tony",1126403,12.968,"m",-23.45487,151.92249
"2012-07-10 23:00:00","A69-9002-15946","Tony",1126403,7.5986,"m",-23.45487,151.92249
"2012-07-11 00:00:00","A69-9002-15946","Tony",1126403,14.2135333333333,"m",-23.46501,151.93471
"2012-07-11 01:00:00","A69-9002-15946","Tony",1126403,11.182125,"m",-23.472635,151.95838375
"2012-07-11 02:00:00","A69-9002-15946","Tony",1126403,8.3522,"m",-23.471625,151.981365
"2012-07-11 14:00:00","A69-9002-15946","Tony",1126403,4.46906666666667,"m",-23.44973,152.02306
"2012-07-11 20:00:00","A69-9002-15946","Tony",1126403,0.4394,"m",-23.44973,152.02306
"2012-07-12 00:00:00","A69-9002-15946","Tony",1126403,7.86375555555556,"m",-23.44973,152.02306
"2012-07-12 01:00:00","A69-9002-15946","Tony",1126403,8.20566666666667,"m",-23.44973,152.02306
"2012-07-12 08:00:00","A69-9002-15946","Tony",1126403,3.077,"m",-23.44943,151.99947
"2012-07-12 09:00:00","A69-9002-15946","Tony",1126403,3.86828,"m",-23.43712,151.99969
"2012-07-12 17:00:00","A69-9002-15946","Tony",1126403,3.9562,"m",-23.44973,152.02306
"2012-07-13 11:00:00","A69-9002-15946","Tony",1126403,13.9571,"m",-23.45718,152.03804
"2012-07-13 14:00:00","A69-9002-15946","Tony",1126403,5.8245,"m",-23.45718,152.03804
"2012-07-13 16:00:00","A69-9002-15946","Tony",1126403,1.45048,"m",-23.43712,151.99969
"2012-07-13 17:00:00","A69-9002-15946","Tony",1126403,0.6592,"m",-23.43712,151.99969
"2012-07-13 19:00:00","A69-9002-15946","Tony",1126403,3.7364,"m",-23.43666,151.9807
"2012-07-13 21:00:00","A69-9002-15946","Tony",1126403,1.2087,"m",-23.43712,151.99969
"2012-07-14 03:00:00","A69-9002-15946","Tony",1126403,8.11408333333333,"m",-23.44973,152.02306
"2012-07-14 05:00:00","A69-9002-15946","Tony",1126403,4.23095,"m",-23.44943,151.99947
"2012-07-14 06:00:00","A69-9002-15946","Tony",1126403,2.1978,"m",-23.45786,151.99879
"2012-07-14 09:00:00","A69-9002-15946","Tony",1126403,0.879,"m",-23.43712,151.99969
"2012-07-14 20:00:00","A69-9002-15946","Tony",1126403,7.2532,"m",-23.44973,152.02306
"2012-07-15 05:00:00","A69-9002-15946","Tony",1126403,3.7364,"m",-23.45786,151.99879
"2012-07-15 06:00:00","A69-9002-15946","Tony",1126403,0.879,"m",-23.44943,151.99947
"2012-07-15 10:00:00","A69-9002-15946","Tony",1126403,7.473,"m",-23.43562,151.96806
"2012-07-15 21:00:00","A69-9002-15946","Tony",1126403,7.8027,"m",-23.44973,152.02306
"2012-07-16 02:00:00","A69-9002-15946","Tony",1126403,6.96013333333333,"m",-23.44973,152.02306
"2012-07-16 15:00:00","A69-9002-15946","Tony",1126403,7.9126,"m",-23.41504,152.05516
"2012-07-16 21:00:00","A69-9002-15946","Tony",1126403,9.4512,"m",-23.44973,152.02306
"2012-07-16 22:00:00","A69-9002-15946","Tony",1126403,9.94575,"m",-23.44973,152.02306
"2012-07-17 00:00:00","A69-9002-15946","Tony",1126403,9.4512,"m",-23.44973,152.02306
"2012-07-17 01:00:00","A69-9002-15946","Tony",1126403,7.9126,"m",-23.44973,152.02306
"2012-07-17 02:00:00","A69-9002-15946","Tony",1126403,9.4512,"m",-23.44973,152.02306
"2012-07-17 08:00:00","A69-9002-15946","Tony",1126403,0.5493,"m",-23.45711,151.96498
"2012-07-17 10:00:00","A69-9002-15946","Tony",1126403,1.26365,"m",-23.44342,151.94925
"2012-07-17 12:00:00","A69-9002-15946","Tony",1126403,2.8572,"m",-23.43666,151.9807
"2012-07-17 21:00:00","A69-9002-15946","Tony",1126403,6.1542,"m",-23.43712,151.99969
"2012-07-17 22:00:00","A69-9002-15946","Tony",1126403,4.3958,"m",-23.43712,151.99969
"2012-07-17 23:00:00","A69-9002-15946","Tony",1126403,7.9126,"m",-23.44973,152.02306
"2012-07-18 01:00:00","A69-9002-15946","Tony",1126403,9.2314,"m",-23.44973,152.02306
"2012-07-18 03:00:00","A69-9002-15946","Tony",1126403,7.0334,"m",-23.44973,152.02306
"2012-07-18 06:00:00","A69-9002-15946","Tony",1126403,5.12846666666667,"m",-23.44943,151.99947
"2012-07-18 09:00:00","A69-9002-15946","Tony",1126403,0.585933333333333,"m",-23.44342,151.94925
"2012-07-18 10:00:00","A69-9002-15946","Tony",1126403,1.2087,"m",-23.44721,151.93344
"2012-07-18 12:00:00","A69-9002-15946","Tony",1126403,9.30466666666667,"m",-23.4363133333333,151.976486666667
"2012-07-18 23:00:00","A69-9002-15946","Tony",1126403,9.8908,"m",-23.44973,152.02306
"2012-07-19 00:00:00","A69-9002-15946","Tony",1126403,9.8908,"m",-23.44973,152.02306
"2012-07-19 21:00:00","A69-9002-15946","Tony",1126403,8.71853333333333,"m",-23.44973,152.02306
"2012-07-20 07:00:00","A69-9002-15946","Tony",1126403,0.732466666666667,"m",-23.43712,151.99969
"2012-07-20 08:00:00","A69-9002-15946","Tony",1126403,1.5384,"m",-23.43712,151.99969
"2012-07-20 11:00:00","A69-9002-15946","Tony",1126403,0.879,"m",-23.45711,151.96498
"2012-07-20 13:00:00","A69-9002-15946","Tony",1126403,7.9126,"m",-23.46936,151.99083
"2012-07-20 23:00:00","A69-9002-15946","Tony",1126403,9.7809,"m",-23.44973,152.02306
"2012-07-21 07:00:00","A69-9002-15946","Tony",1126403,0.6592,"m",-23.4557525,151.99896
"2012-07-22 00:00:00","A69-9002-15946","Tony",1126403,10.5502,"m",-23.44973,152.02306
"2012-07-22 02:00:00","A69-9002-15946","Tony",1126403,10.77,"m",-23.44973,152.02306
"2012-07-23 03:00:00","A69-9002-15946","Tony",1126403,11.5759333333333,"m",-23.45487,151.92249
"2012-07-23 04:00:00","A69-9002-15946","Tony",1126403,22.9689,"m",-23.44754,151.91231
"2012-07-23 05:00:00","A69-9002-15946","Tony",1126403,17.63875,"m",-23.44754,151.91231
"2012-07-23 06:00:00","A69-9002-15946","Tony",1126403,11.3561333333333,"m",-23.45487,151.92249
"2012-07-23 08:00:00","A69-9002-15946","Tony",1126403,15.3858,"m",-23.44754,151.91231
"2012-07-24 01:00:00","A69-9002-15946","Tony",1126403,14.2135333333333,"m",-23.45487,151.92249
"2012-07-24 03:00:00","A69-9002-15946","Tony",1126403,18.1333,"m",-23.44754,151.91231
"2012-07-24 04:00:00","A69-9002-15946","Tony",1126403,14.067,"m",-23.451205,151.9174
"2012-07-24 05:00:00","A69-9002-15946","Tony",1126403,10.9898,"m",-23.45487,151.92249
"2012-07-24 06:00:00","A69-9002-15946","Tony",1126403,8.83576,"m",-23.46855,151.942108
"2012-07-24 07:00:00","A69-9002-15946","Tony",1126403,11.91296,"m",-23.47367,151.96519
"2012-07-24 08:00:00","A69-9002-15946","Tony",1126403,12.1620666666667,"m",-23.46936,151.99083
"2012-07-24 11:00:00","A69-9002-15946","Tony",1126403,1.8681,"m",-23.43712,151.99969
"2012-07-26 13:00:00","A69-9002-15946","Tony",1126403,6.8136,"m",-23.44973,152.02306
"2012-07-26 15:00:00","A69-9002-15946","Tony",1126403,3.11696363636364,"m",-23.43712,151.99969
"2012-07-26 17:00:00","A69-9002-15946","Tony",1126403,1.0988,"m",-23.45711,151.96498
"2012-07-26 18:00:00","A69-9002-15946","Tony",1126403,1.24533333333333,"m",-23.45055,151.98003
"2012-07-26 19:00:00","A69-9002-15946","Tony",1126403,4.30788,"m",-23.43712,151.99969
"2012-07-27 06:00:00","A69-9002-15946","Tony",1126403,11.16564,"m",-23.4872,152.06139
"2012-07-27 10:00:00","A69-9002-15946","Tony",1126403,10.8799,"m",-23.45718,152.03804
"2012-07-27 12:00:00","A69-9002-15946","Tony",1126403,1.62632,"m",-23.43712,151.99969
"2012-07-27 13:00:00","A69-9002-15946","Tony",1126403,0.805733333333333,"m",-23.43712,151.99969
"2012-07-27 20:00:00","A69-9002-15946","Tony",1126403,7.5829,"m",-23.44973,152.02306
"2012-07-28 03:00:00","A69-9002-15946","Tony",1126403,10.2676,"m",-23.44973,152.02306
"2012-07-28 06:00:00","A69-9002-15946","Tony",1126403,1.7582,"m",-23.45711,151.96498
"2012-07-28 10:00:00","A69-9002-15946","Tony",1126403,6.8136,"m",-23.43562,151.96806
"2012-07-29 03:00:00","A69-9002-15946","Tony",1126403,7.8027,"m",-23.44973,152.02306
"2012-07-29 06:00:00","A69-9002-15946","Tony",1126403,1.79290526315789,"m",-23.45711,151.96498
"2012-07-29 07:00:00","A69-9002-15946","Tony",1126403,2.12453333333333,"m",-23.45711,151.96498
"2012-07-29 11:00:00","A69-9002-15946","Tony",1126403,0.879,"m",-23.45711,151.96498
"2012-07-29 12:00:00","A69-9002-15946","Tony",1126403,0.805733333333333,"m",-23.45711,151.96498
"2012-07-29 13:00:00","A69-9002-15946","Tony",1126403,0.6592,"m",-23.45055,151.98003
"2012-07-29 14:00:00","A69-9002-15946","Tony",1126403,1.24533333333333,"m",-23.45055,151.98003
"2012-07-29 15:00:00","A69-9002-15946","Tony",1126403,0.732466666666667,"m",-23.45055,151.98003
"2012-07-29 16:00:00","A69-9002-15946","Tony",1126403,0.4394,"m",-23.44894,151.96809
"2012-07-30 03:00:00","A69-9002-15946","Tony",1126403,7.83933333333333,"m",-23.46936,151.99083
"2012-07-30 04:00:00","A69-9002-15946","Tony",1126403,14.2868,"m",-23.47238,151.97821
"2012-07-30 06:00:00","A69-9002-15946","Tony",1126403,15.6056,"m",-23.46501,151.93471
"2012-07-30 13:00:00","A69-9002-15946","Tony",1126403,14.9462,"m",-23.4524266666667,151.919096666667
"2012-07-30 17:00:00","A69-9002-15946","Tony",1126403,7.473,"m",-23.45487,151.92249
"2012-08-02 06:00:00","A69-9002-15946","Tony",1126403,24.3976,"m",-23.44754,151.91231
"2012-08-02 07:00:00","A69-9002-15946","Tony",1126403,16.0452,"m",-23.44754,151.91231
"2012-08-02 08:00:00","A69-9002-15946","Tony",1126403,17.1442,"m",-23.44754,151.91231
"2012-08-02 09:00:00","A69-9002-15946","Tony",1126403,2.1978,"m",-23.44721,151.93344
"2012-08-02 10:00:00","A69-9002-15946","Tony",1126403,0.6592,"m",-23.44342,151.94925
"2012-08-02 11:00:00","A69-9002-15946","Tony",1126403,2.15384,"m",-23.45711,151.96498
"2012-08-02 13:00:00","A69-9002-15946","Tony",1126403,1.5384,"m",-23.45711,151.96498
"2012-08-02 14:00:00","A69-9002-15946","Tony",1126403,0.85702,"m",-23.451206,151.978525
"2012-08-02 15:00:00","A69-9002-15946","Tony",1126403,0.82405,"m",-23.45055,151.98003
"2012-08-02 16:00:00","A69-9002-15946","Tony",1126403,0.879,"m",-23.45055,151.98003
"2012-08-02 19:00:00","A69-9002-15946","Tony",1126403,0.5493,"m",-23.45055,151.98003
"2012-08-02 21:00:00","A69-9002-15946","Tony",1126403,1.6483,"m",-23.45711,151.96498
"2012-08-02 22:00:00","A69-9002-15946","Tony",1126403,9.0116,"m",-23.43562,151.96806
"2012-08-08 03:00:00","A69-9002-15946","Tony",1126403,9.8908,"m",-23.43666,151.9807
"2012-08-08 04:00:00","A69-9002-15946","Tony",1126403,9.29134545454546,"m",-23.4359036363636,151.971507272727
"2012-08-08 05:00:00","A69-9002-15946","Tony",1126403,12.36355,"m",-23.42828,151.95218
"2012-08-08 06:00:00","A69-9002-15946","Tony",1126403,8.0382,"m",-23.43433,151.94185
"2012-08-10 06:00:00","A69-9002-15946","Tony",1126403,4.176,"m",-23.48244,152.07132
"2012-08-10 22:00:00","A69-9002-15946","Tony",1126403,3.6265,"m",-23.45718,152.03804
"2012-08-11 01:00:00","A69-9002-15946","Tony",1126403,8.64526666666667,"m",-23.44973,152.02306
"2012-08-11 21:00:00","A69-9002-15946","Tony",1126403,9.4512,"m",-23.44973,152.02306
"2012-08-12 00:00:00","A69-9002-15946","Tony",1126403,9.4512,"m",-23.46936,151.99083
"2012-08-12 01:00:00","A69-9002-15946","Tony",1126403,15.0927333333333,"m",-23.46936,151.99083
"2012-08-12 02:00:00","A69-9002-15946","Tony",1126403,7.0334,"m",-23.44973,152.02306
"2012-08-17 12:00:00","A69-9002-15946","Tony",1126403,8.3522,"m",-23.49146,152.09641
"2012-08-17 13:00:00","A69-9002-15946","Tony",1126403,5.9344,"m",-23.47931,152.08263
"2012-08-19 13:00:00","A69-9002-15946","Tony",1126403,1.5384,"m",-23.45711,151.96498
"2012-08-19 15:00:00","A69-9002-15946","Tony",1126403,1.7582,"m",-23.44894,151.96809
"2012-08-19 16:00:00","A69-9002-15946","Tony",1126403,0.6592,"m",-23.44342,151.94925
"2012-08-19 18:00:00","A69-9002-15946","Tony",1126403,0.6592,"m",-23.44342,151.94925
"2012-08-19 20:00:00","A69-9002-15946","Tony",1126403,0.7691,"m",-23.44342,151.94925
"2012-08-19 21:00:00","A69-9002-15946","Tony",1126403,1.84612,"m",-23.44342,151.94925
"2012-08-19 23:00:00","A69-9002-15946","Tony",1126403,13.90215,"m",-23.45487,151.92249
"2012-08-20 00:00:00","A69-9002-15946","Tony",1126403,20.9907,"m",-23.44754,151.91231
"2012-08-20 01:00:00","A69-9002-15946","Tony",1126403,18.95755,"m",-23.44754,151.91231
"2012-08-20 02:00:00","A69-9002-15946","Tony",1126403,13.4076,"m",-23.45487,151.92249
"2012-08-20 04:00:00","A69-9002-15946","Tony",1126403,13.3709666666667,"m",-23.4524266666667,151.919096666667
"2012-08-20 05:00:00","A69-9002-15946","Tony",1126403,12.8581,"m",-23.43958,151.89972
"2012-08-20 15:00:00","A69-9002-15946","Tony",1126403,0.952266666666667,"m",-23.45711,151.96498
"2012-08-20 20:00:00","A69-9002-15946","Tony",1126403,1.26365,"m",-23.45055,151.98003
"2012-08-20 22:00:00","A69-9002-15946","Tony",1126403,8.38883333333333,"m",-23.43666,151.9807
"2012-08-20 23:00:00","A69-9002-15946","Tony",1126403,9.50004444444444,"m",-23.43666,151.9807
"2012-08-21 15:00:00","A69-9002-15946","Tony",1126403,1.0988,"m",-23.45711,151.96498
"2012-08-21 16:00:00","A69-9002-15946","Tony",1126403,0.879,"m",-23.45711,151.96498
"2012-08-21 18:00:00","A69-9002-15946","Tony",1126403,0.83504,"m",-23.45055,151.98003
"2012-08-21 23:00:00","A69-9002-15946","Tony",1126403,1.23068,"m",-23.45055,151.98003
"2012-08-23 08:00:00","A69-9002-15946","Tony",1126403,3.9562,"m",-23.43712,151.99969
"2012-08-23 09:00:00","A69-9002-15946","Tony",1126403,1.0988,"m",-23.44943,151.99947
"2012-08-23 11:00:00","A69-9002-15946","Tony",1126403,0.4394,"m",-23.47238,151.97821
"2012-08-23 14:00:00","A69-9002-15946","Tony",1126403,0.879,"m",-23.44721,151.93344
"2012-08-23 16:00:00","A69-9002-15946","Tony",1126403,0.879,"m",-23.45711,151.96498
"2012-08-23 17:00:00","A69-9002-15946","Tony",1126403,0.60425,"m",-23.45301,151.97438625
"2012-08-23 18:00:00","A69-9002-15946","Tony",1126403,0.796575,"m",-23.44954375,151.9725675
"2012-08-23 19:00:00","A69-9002-15946","Tony",1126403,0.6592,"m",-23.44894,151.96809
"2012-08-24 02:00:00","A69-9002-15946","Tony",1126403,1.7582,"m",-23.45711,151.96498
"2012-08-24 07:00:00","A69-9002-15946","Tony",1126403,0.6592,"m",-23.45711,151.96498
"2012-08-24 08:00:00","A69-9002-15946","Tony",1126403,0.6592,"m",-23.45711,151.96498
"2012-08-24 10:00:00","A69-9002-15946","Tony",1126403,0.859018181818182,"m",-23.45055,151.98003
"2012-08-24 11:00:00","A69-9002-15946","Tony",1126403,0.6592,"m",-23.45055,151.98003
"2012-08-24 12:00:00","A69-9002-15946","Tony",1126403,0.4394,"m",-23.45055,151.98003
"2012-08-24 17:00:00","A69-9002-15946","Tony",1126403,3.1398,"m",-23.43712,151.99969
"2012-08-25 15:00:00","A69-9002-15946","Tony",1126403,4.27590909090909,"m",-23.43712,151.99969
"2012-08-25 18:00:00","A69-9002-15946","Tony",1126403,1.0988,"m",-23.45711,151.96498
"2012-08-25 19:00:00","A69-9002-15946","Tony",1126403,0.7691,"m",-23.45711,151.96498
"2012-08-25 20:00:00","A69-9002-15946","Tony",1126403,0.9732,"m",-23.45711,151.96498
"2012-08-26 02:00:00","A69-9002-15946","Tony",1126403,1.17206666666667,"m",-23.45711,151.96498
"2012-08-26 19:00:00","A69-9002-15946","Tony",1126403,0.5493,"m",-23.44721,151.93344
"2012-08-26 20:00:00","A69-9002-15946","Tony",1126403,1.0988,"m",-23.44721,151.93344
"2012-08-26 21:00:00","A69-9002-15946","Tony",1126403,1.2087,"m",-23.45711,151.96498
"2012-08-26 23:00:00","A69-9002-15946","Tony",1126403,2.6374,"m",-23.45055,151.98003
"2012-08-27 01:00:00","A69-9002-15946","Tony",1126403,2.6374,"m",-23.45055,151.98003
"2012-08-29 09:00:00","A69-9002-15946","Tony",1126403,4.92332,"m",-23.43712,151.99969
"2012-08-30 11:00:00","A69-9002-15946","Tony",1126403,0.6592,"m",-23.43712,151.99969
"2012-08-31 05:00:00","A69-9002-15946","Tony",1126403,5.09183333333333,"m",-23.43712,151.99969
"2012-08-31 06:00:00","A69-9002-15946","Tony",1126403,4.6156,"m",-23.44943,151.99947
"2012-08-31 07:00:00","A69-9002-15946","Tony",1126403,0.6592,"m",-23.46936,151.99083
"2012-08-31 11:00:00","A69-9002-15946","Tony",1126403,1.24533333333333,"m",-23.44721,151.93344
"2012-09-03 21:00:00","A69-9002-15946","Tony",1126403,18.11132,"m",-23.51309,152.084896
"2012-09-03 22:00:00","A69-9002-15946","Tony",1126403,6.72568,"m",-23.51003,152.063036
"2012-09-03 23:00:00","A69-9002-15946","Tony",1126403,5.65965,"m",-23.50612,152.04056
"2012-09-04 03:00:00","A69-9002-15946","Tony",1126403,8.63061333333333,"m",-23.44973,152.02306
"2012-09-04 07:00:00","A69-9002-15946","Tony",1126403,5.7146,"m",-23.44973,152.02306
"2012-09-04 09:00:00","A69-9002-15946","Tony",1126403,2.3077,"m",-23.42931,151.99995
"2012-09-05 14:00:00","A69-9002-15946","Tony",1126403,1.5384,"m",-23.44721,151.93344
"2012-09-05 23:00:00","A69-9002-15946","Tony",1126403,7.473,"m",-23.44973,152.02306
"2012-09-06 01:00:00","A69-9002-15946","Tony",1126403,6.75865,"m",-23.45786,151.99879
"2012-09-06 04:00:00","A69-9002-15946","Tony",1126403,8.7918,"m",-23.44973,152.02306
"2012-09-06 09:00:00","A69-9002-15946","Tony",1126403,1.68493333333333,"m",-23.43712,151.99969
"2012-09-06 15:00:00","A69-9002-15946","Tony",1126403,0.9889,"m",-23.44721,151.93344
"2012-09-06 16:00:00","A69-9002-15946","Tony",1126403,0.6592,"m",-23.42828,151.95218
"2012-09-06 17:00:00","A69-9002-15946","Tony",1126403,3.2968,"m",-23.43712,151.99969
"2012-09-06 18:00:00","A69-9002-15946","Tony",1126403,3.9562,"m",-23.43712,151.99969
"2012-09-06 23:00:00","A69-9002-15946","Tony",1126403,6.1542,"m",-23.45786,151.99879
"2012-09-07 03:00:00","A69-9002-15946","Tony",1126403,5.42153333333333,"m",-23.44943,151.99947
"2012-09-07 05:00:00","A69-9002-15946","Tony",1126403,8.1324,"m",-23.44973,152.02306
"2012-09-07 07:00:00","A69-9002-15946","Tony",1126403,0.879,"m",-23.43712,151.99969
"2012-09-07 08:00:00","A69-9002-15946","Tony",1126403,2.56413333333333,"m",-23.43712,151.99969
"2012-09-07 09:00:00","A69-9002-15946","Tony",1126403,4.89035,"m",-23.42931,151.99995
"2012-09-08 10:00:00","A69-9002-15946","Tony",1126403,1.61166666666667,"m",-23.43562,151.96806
"2012-09-08 11:00:00","A69-9002-15946","Tony",1126403,1.8681,"m",-23.43666,151.9807
"2012-09-11 05:00:00","A69-9002-15946","Tony",1126403,1.5384,"m",-23.50612,152.04056
"2012-09-11 12:00:00","A69-9002-15946","Tony",1126403,1.0988,"m",-23.45055,151.98003
"2012-09-11 13:00:00","A69-9002-15946","Tony",1126403,0.6592,"m",-23.45055,151.98003
"2012-09-11 14:00:00","A69-9002-15946","Tony",1126403,0.6592,"m",-23.45055,151.98003
"2012-09-11 15:00:00","A69-9002-15946","Tony",1126403,0.6278,"m",-23.45055,151.98003
"2012-09-11 16:00:00","A69-9002-15946","Tony",1126403,0.4394,"m",-23.44894,151.96809
"2012-09-11 18:00:00","A69-9002-15946","Tony",1126403,1.2087,"m",-23.44721,151.93344
"2012-09-11 19:00:00","A69-9002-15946","Tony",1126403,0.4394,"m",-23.44353,151.92105
"2012-09-11 21:00:00","A69-9002-15946","Tony",1126403,7.0334,"m",-23.43433,151.94185
"2012-09-11 22:00:00","A69-9002-15946","Tony",1126403,7.82468,"m",-23.436244,151.975644
"2012-09-11 23:00:00","A69-9002-15946","Tony",1126403,6.374,"m",-23.42931,151.99995
"2012-09-12 00:00:00","A69-9002-15946","Tony",1126403,7.85765,"m",-23.42931,151.99995
"2012-09-12 01:00:00","A69-9002-15946","Tony",1126403,8.7918,"m",-23.42931,151.99995
"2012-09-12 04:00:00","A69-9002-15946","Tony",1126403,7.95656,"m",-23.42931,151.99995
"2012-09-12 05:00:00","A69-9002-15946","Tony",1126403,7.54626666666667,"m",-23.43666,151.9807
"2012-09-12 09:00:00","A69-9002-15946","Tony",1126403,0.879,"m",-23.44721,151.93344
"2012-09-12 13:00:00","A69-9002-15946","Tony",1126403,0.7691,"m",-23.45055,151.98003
"2012-09-12 14:00:00","A69-9002-15946","Tony",1126403,0.52732,"m",-23.449262,151.970478
"2012-09-12 15:00:00","A69-9002-15946","Tony",1126403,0.4394,"m",-23.44894,151.96809
"2012-09-12 16:00:00","A69-9002-15946","Tony",1126403,0.4394,"m",-23.44342,151.94925
"2012-09-12 19:00:00","A69-9002-15946","Tony",1126403,0.879,"m",-23.44721,151.93344
"2012-09-12 20:00:00","A69-9002-15946","Tony",1126403,0.6592,"m",-23.44353,151.92105
"2012-09-13 00:00:00","A69-9002-15946","Tony",1126403,20.71595,"m",-23.44754,151.91231
"2012-09-13 03:00:00","A69-9002-15946","Tony",1126403,13.4076,"m",-23.44754,151.91231
"2012-09-13 04:00:00","A69-9002-15946","Tony",1126403,13.6640333333333,"m",-23.44754,151.91231
"2012-09-13 12:00:00","A69-9002-15946","Tony",1126403,0.4394,"m",-23.45711,151.96498
"2012-09-13 14:00:00","A69-9002-15946","Tony",1126403,1.0988,"m",-23.45055,151.98003
"2012-09-13 15:00:00","A69-9002-15946","Tony",1126403,0.585933333333333,"m",-23.45055,151.98003
"2012-09-13 16:00:00","A69-9002-15946","Tony",1126403,0.4394,"m",-23.44894,151.96809
"2012-09-13 17:00:00","A69-9002-15946","Tony",1126403,0.4394,"m",-23.44342,151.94925
"2012-09-13 19:00:00","A69-9002-15946","Tony",1126403,1.0988,"m",-23.45711,151.96498
"2012-09-13 21:00:00","A69-9002-15946","Tony",1126403,9.8908,"m",-23.44973,152.02306
"2012-09-14 13:00:00","A69-9002-15946","Tony",1126403,0.585933333333333,"m",-23.44342,151.94925
"2012-09-15 04:00:00","A69-9002-15946","Tony",1126403,9.258875,"m",-23.46501,151.93471
"2012-09-17 12:00:00","A69-9002-15946","Tony",1126403,1.7582,"m",-23.44721,151.93344
"2012-09-17 14:00:00","A69-9002-15946","Tony",1126403,0.9418,"m",-23.45711,151.96498
"2012-09-17 15:00:00","A69-9002-15946","Tony",1126403,0.842366666666667,"m",-23.45055,151.98003
"2012-09-17 16:00:00","A69-9002-15946","Tony",1126403,0.7691,"m",-23.45055,151.98003
"2012-09-17 17:00:00","A69-9002-15946","Tony",1126403,0.9889,"m",-23.45055,151.98003
"2012-09-17 19:00:00","A69-9002-15946","Tony",1126403,0.4394,"m",-23.45711,151.96498
"2012-09-17 20:00:00","A69-9002-15946","Tony",1126403,1.26975555555556,"m",-23.44342,151.94925
"2012-09-18 01:00:00","A69-9002-15946","Tony",1126403,9.1215,"m",-23.42931,151.99995
"2012-09-18 05:00:00","A69-9002-15946","Tony",1126403,5.6047,"m",-23.45786,151.99879
"2012-09-18 10:00:00","A69-9002-15946","Tony",1126403,1.7582,"m",-23.45711,151.96498
"2012-09-18 13:00:00","A69-9002-15946","Tony",1126403,1.5384,"m",-23.45711,151.96498
"2012-09-18 15:00:00","A69-9002-15946","Tony",1126403,3.077,"m",-23.43712,151.99969
"2012-09-19 01:00:00","A69-9002-15946","Tony",1126403,9.1215,"m",-23.44973,152.02306
"2012-09-19 07:00:00","A69-9002-15946","Tony",1126403,0.82405,"m",-23.43712,151.99969
"2012-09-19 08:00:00","A69-9002-15946","Tony",1126403,0.6592,"m",-23.43712,151.99969
"2012-09-19 20:00:00","A69-9002-15946","Tony",1126403,5.9344,"m",-23.44973,152.02306
"2012-09-20 01:00:00","A69-9002-15946","Tony",1126403,17.364,"m",-23.48244,152.07132
"2012-09-20 02:00:00","A69-9002-15946","Tony",1126403,10.49525,"m",-23.4872,152.06139
"2012-09-20 08:00:00","A69-9002-15946","Tony",1126403,8.29725,"m",-23.4733475,151.968445
"2012-09-20 09:00:00","A69-9002-15946","Tony",1126403,4.10273333333333,"m",-23.4669766666667,151.93882
"2012-09-20 12:00:00","A69-9002-15946","Tony",1126403,0.6592,"m",-23.44353,151.92105
"2012-09-20 13:00:00","A69-9002-15946","Tony",1126403,0.5493,"m",-23.44721,151.93344
"2012-09-20 14:00:00","A69-9002-15946","Tony",1126403,0.879,"m",-23.44342,151.94925
"2012-09-29 00:00:00","A69-9002-15946","Tony",1126403,18.9026,"m",-23.44754,151.91231
"2012-09-29 03:00:00","A69-9002-15946","Tony",1126403,22.1996,"m",-23.44754,151.91231
"2012-09-29 05:00:00","A69-9002-15946","Tony",1126403,13.4076,"m",-23.44754,151.91231
"2012-09-29 11:00:00","A69-9002-15946","Tony",1126403,3.9562,"m",-23.43666,151.9807
"2012-10-03 21:00:00","A69-9002-15946","Tony",1126403,7.6928,"m",-23.43712,151.99969
"2012-10-04 03:00:00","A69-9002-15946","Tony",1126403,2.8572,"m",-23.45055,151.98003
"2012-10-04 04:00:00","A69-9002-15946","Tony",1126403,1.48345,"m",-23.44894,151.96809
"2012-10-04 05:00:00","A69-9002-15946","Tony",1126403,2.4176,"m",-23.45055,151.98003
"2012-10-04 06:00:00","A69-9002-15946","Tony",1126403,1.52008333333333,"m",-23.45055,151.98003
"2012-10-04 08:00:00","A69-9002-15946","Tony",1126403,1.24533333333333,"m",-23.45055,151.98003
"2012-10-04 13:00:00","A69-9002-15946","Tony",1126403,2.4176,"m",-23.43282,151.92682
"2012-10-04 14:00:00","A69-9002-15946","Tony",1126403,8.9017,"m",-23.43433,151.94185
"2012-10-04 15:00:00","A69-9002-15946","Tony",1126403,3.69244,"m",-23.43282,151.92682
"2012-10-04 17:00:00","A69-9002-15946","Tony",1126403,2.5432,"m",-23.4362142857143,151.975282857143
"2012-10-04 18:00:00","A69-9002-15946","Tony",1126403,2.1978,"m",-23.43562,151.96806
"2012-10-04 19:00:00","A69-9002-15946","Tony",1126403,3.86828,"m",-23.43614,151.97438
"2012-10-05 01:00:00","A69-9002-15946","Tony",1126403,15.51768,"m",-23.433116,151.9245
"2012-10-05 04:00:00","A69-9002-15946","Tony",1126403,9.0116,"m",-23.43958,151.89972
"2012-10-05 05:00:00","A69-9002-15946","Tony",1126403,5.746,"m",-23.4334542857143,151.921848571429
"2012-10-05 06:00:00","A69-9002-15946","Tony",1126403,18.2432,"m",-23.43282,151.92682
"2012-10-05 07:00:00","A69-9002-15946","Tony",1126403,5.6832,"m",-23.43562,151.96806
"2012-10-05 08:00:00","A69-9002-15946","Tony",1126403,2.34433333333333,"m",-23.4359666666667,151.972273333333
"2012-10-05 23:00:00","A69-9002-15946","Tony",1126403,7.0334,"m",-23.42931,151.99995
"2012-10-06 04:00:00","A69-9002-15946","Tony",1126403,6.5938,"m",-23.45786,151.99879
"2012-10-06 06:00:00","A69-9002-15946","Tony",1126403,9.258875,"m",-23.47318625,151.9700725
"2012-10-06 07:00:00","A69-9002-15946","Tony",1126403,12.2353333333333,"m",-23.47091,151.94704
"2012-10-06 08:00:00","A69-9002-15946","Tony",1126403,6.1542,"m",-23.44754,151.91231
"2012-10-06 12:00:00","A69-9002-15946","Tony",1126403,15.2759,"m",-23.4343,151.91522
"2012-10-06 13:00:00","A69-9002-15946","Tony",1126403,6.0443,"m",-23.43282,151.92682
"2012-10-06 14:00:00","A69-9002-15946","Tony",1126403,4.8354,"m",-23.4323133333333,151.945293333333
"2012-10-06 16:00:00","A69-9002-15946","Tony",1126403,7.0334,"m",-23.42931,151.99995
"2012-10-07 08:00:00","A69-9002-15946","Tony",1126403,6.7037,"m",-23.42931,151.99995
"2012-10-07 09:00:00","A69-9002-15946","Tony",1126403,4.8354,"m",-23.43712,151.99969
"2012-10-07 19:00:00","A69-9002-15946","Tony",1126403,0.6592,"m",-23.45711,151.96498
"2012-10-07 20:00:00","A69-9002-15946","Tony",1126403,0.6592,"m",-23.45711,151.96498
"2012-10-07 21:00:00","A69-9002-15946","Tony",1126403,0.695833333333333,"m",-23.45711,151.96498
"2012-10-07 22:00:00","A69-9002-15946","Tony",1126403,0.805733333333333,"m",-23.45711,151.96498
"2012-10-08 02:00:00","A69-9002-15946","Tony",1126403,7.10666666666667,"m",-23.43433,151.94185
"2012-10-08 04:00:00","A69-9002-15946","Tony",1126403,14.7863454545455,"m",-23.4349836363636,151.905032727273
"2012-10-08 07:00:00","A69-9002-15946","Tony",1126403,0.4394,"m",-23.46501,151.93471
"2012-10-08 08:00:00","A69-9002-15946","Tony",1126403,2.0879,"m",-23.46501,151.93471
"2012-10-08 12:00:00","A69-9002-15946","Tony",1126403,13.1878,"m",-23.47087,151.98452
"2012-10-08 14:00:00","A69-9002-15946","Tony",1126403,1.5384,"m",-23.43666,151.9807
"2012-10-08 19:00:00","A69-9002-15946","Tony",1126403,1.70325,"m",-23.44973,152.02306
"2012-10-10 00:00:00","A69-9002-15946","Tony",1126403,6.8136,"m",-23.42931,151.99995
"2012-10-22 21:00:00","A69-9002-15946","Tony",1126403,10.77,"m",-23.50505,152.10031
"2012-10-22 23:00:00","A69-9002-15946","Tony",1126403,28.5738,"m",-23.50873,152.05556
"2012-10-23 03:00:00","A69-9002-15946","Tony",1126403,18.6828,"m",-23.471515,151.97801
"2012-10-23 04:00:00","A69-9002-15946","Tony",1126403,16.0452,"m",-23.47091,151.94704
"2012-10-23 05:00:00","A69-9002-15946","Tony",1126403,25.057,"m",-23.44754,151.91231
